source_kind,source,parameter,group,num_runs,layer_jaccard,layer_jaccard_std,layer_jaccard_ci95_low,layer_jaccard_ci95_high,kept,kept_std,kept_ci95_low,kept_ci95_high,imp_kept,imp_kept_std,imp_kept_ci95_low,imp_kept_ci95_high,total,total_std,total_ci95_low,total_ci95_high
aggregate,traj_initial_rms_movement,conv1.weight,stem,5.0,0.669887446575834,0.0316291970068026,0.6306146113603929,0.7091602817912751,394.8,10.232301793829187,382.0949192438465,407.5050807561535,307.0,12.609520212918492,291.3432127169964,322.6567872830036,432.0,0.0,432.0,432.0
aggregate,traj_initial_rms_movement,fc.weight,head,5.0,0.7948444091020892,0.0151379445673931,0.7760481683259529,0.8136406498782255,575.8,6.572670690061994,567.6389514321008,583.9610485678991,524.8,6.260990336999411,517.0259537054461,532.5740462945538,640.0,0.0,640.0,640.0
aggregate,traj_initial_rms_movement,layer1.0.conv1.weight,stage1,5.0,0.36093675427460614,0.0250002052551701,0.3298948994615568,0.39197860908765547,1497.4,76.22532387599281,1402.753759591758,1592.0462404082423,840.8,56.20676115913458,771.0100882130647,910.5899117869352,2304.0,0.0,2304.0,2304.0
aggregate,traj_initial_rms_movement,layer1.0.conv2.weight,stage1,5.0,0.34224833674537863,0.019882255200969406,0.3175612562592353,0.36693541723152195,1462.2,115.04868534668269,1319.348189364351,1605.0518106356492,827.4,50.767115340543036,764.3643005889895,890.4356994110104,2304.0,0.0,2304.0,2304.0
aggregate,traj_initial_rms_movement,layer1.1.conv1.weight,stage1,5.0,0.3233299197940379,0.020624346710643785,0.29772141099695926,0.34893842859111657,1296.4,108.79016499665767,1161.3191687650026,1431.4808312349976,777.0,46.834816109385976,718.8468949744816,835.1531050255184,2304.0,0.0,2304.0,2304.0
aggregate,traj_initial_rms_movement,layer1.1.conv2.weight,stage1,5.0,0.29113552276416593,0.010869046603624175,0.27763981890164685,0.304631226626685,1292.8,75.41352663813038,1199.1617389958528,1386.438261004147,724.0,30.29026246172192,686.3896716051369,761.6103283948631,2304.0,0.0,2304.0,2304.0
aggregate,traj_initial_rms_movement,layer1.2.conv1.weight,stage1,5.0,0.3152096294427879,0.029351710302873358,0.27876466747400347,0.35165459141157235,1216.8,104.45190280698576,1087.1058327406868,1346.4941672593131,801.6,51.553855335949414,737.5874338607465,865.6125661392535,2304.0,0.0,2304.0,2304.0
aggregate,traj_initial_rms_movement,layer1.2.conv2.weight,stage1,5.0,0.27958142959195376,0.02094587801694234,0.2535736869475487,0.3055891722363588,1157.6,56.97631086688572,1086.8545660461218,1228.345433953878,717.6,43.56948473415769,663.5013393853078,771.6986606146922,2304.0,0.0,2304.0,2304.0
aggregate,traj_initial_rms_movement,layer2.0.conv1.weight,stage2,5.0,0.2717477418964521,0.005874640087575051,0.26445341279730555,0.2790420709955987,2131.4,89.60636138132159,2020.1390070627767,2242.6609929372235,1476.6,27.682124195949992,1442.2281029920834,1510.9718970079164,4608.0,0.0,4608.0,4608.0
aggregate,traj_initial_rms_movement,layer2.0.conv2.weight,stage2,5.0,0.2264389997483626,0.0164089660197845,0.20606457739384723,0.24681342210287796,3547.2,94.13925854817425,3430.310671843136,3664.0893281568638,2237.2,54.627831734382426,2169.370588035484,2305.0294119645155,9216.0,0.0,9216.0,9216.0
aggregate,traj_initial_rms_movement,layer2.0.shortcut.0.weight,stage2,5.0,0.4871711929255385,0.02333614378975874,0.45819554332488865,0.5161468425261884,390.2,14.219704638282751,372.5439046855532,407.8560953144468,297.2,3.420526275297414,292.9528556690532,301.4471443309468,512.0,0.0,512.0,512.0
aggregate,traj_initial_rms_movement,layer2.1.conv1.weight,stage2,5.0,0.21879173067383612,0.01483070047577917,0.20037698382491764,0.2372064775227546,3206.2,113.24177674339094,3065.591762725103,3346.808237274897,2317.8,65.83084383478614,2236.060211238972,2399.5397887610284,9216.0,0.0,9216.0,9216.0
aggregate,traj_initial_rms_movement,layer2.1.conv2.weight,stage2,5.0,0.17759911857157673,0.013607970741626802,0.16070259121308852,0.19449564593006494,2830.0,80.69076774947676,2729.809178698053,2930.190821301947,2072.8,82.4330030994868,1970.4459077875479,2175.1540922124523,9216.0,0.0,9216.0,9216.0
aggregate,traj_initial_rms_movement,layer2.2.conv1.weight,stage2,5.0,0.1684326978279186,0.011061605498184853,0.1546979005184896,0.18216749513734756,2332.0,97.34474818910365,2211.130530759379,2452.869469240621,2128.6,33.09531688925186,2087.506736509471,2169.693263490529,9216.0,0.0,9216.0,9216.0
aggregate,traj_initial_rms_movement,layer2.2.conv2.weight,stage2,5.0,0.13089455837321845,0.009787671959475509,0.11874155847490919,0.1430475582715277,1930.4,69.76603758276659,1843.7740228361479,2017.0259771638523,1836.0,27.230497608380205,1802.1888714665006,1869.8111285334994,9216.0,0.0,9216.0,9216.0
aggregate,traj_initial_rms_movement,layer3.0.conv1.weight,stage3,5.0,0.14675560138030863,0.013800552978305297,0.12961995159184317,0.1638912511687741,4043.6,186.59260435504942,3811.9146808412556,4275.285319158744,3825.0,61.91526467681455,3748.122044911542,3901.877955088458,18432.0,0.0,18432.0,18432.0
aggregate,traj_initial_rms_movement,layer3.0.conv2.weight,stage3,5.0,0.12099569819302784,0.012330112299760854,0.10568584165660534,0.13630555472945033,5530.8,329.14920628796904,5122.107280514884,5939.492719485116,5977.0,147.0187062927708,5794.452165333773,6159.547834666227,36864.0,0.0,36864.0,36864.0
aggregate,traj_initial_rms_movement,layer3.0.shortcut.0.weight,stage3,5.0,0.30475707781006606,0.013126235483918737,0.28845870377773936,0.32105545184239276,1143.6,40.64234245217664,1093.1358665744635,1194.0641334255363,933.0,18.547236990991408,909.9705635621328,956.0294364378672,2048.0,0.0,2048.0,2048.0
aggregate,traj_initial_rms_movement,layer3.1.conv1.weight,stage3,5.0,0.12673587555730934,0.011687473802974352,0.11222396010620642,0.14124779100841225,5443.2,235.2534803143197,5151.09422304157,5735.305776958429,6521.2,109.84170428393762,6384.81351028929,6657.586489710709,36864.0,0.0,36864.0,36864.0
aggregate,traj_initial_rms_movement,layer3.1.conv2.weight,stage3,5.0,0.07249177748068555,0.0033219170601295066,0.06836707266210384,0.07661648229926726,2313.4,117.04187284899366,2168.073320201062,2458.726679798938,4686.0,87.64416694794924,4577.175393248171,4794.824606751829,36864.0,0.0,36864.0,36864.0
aggregate,traj_initial_rms_movement,layer3.2.conv1.weight,stage3,5.0,0.047995700806446766,0.0030404830045289394,0.04422044252257276,0.05177095909032077,1224.8,130.0257666772244,1063.3516866780474,1386.2483133219525,4104.8,184.25172997830984,3876.021260279171,4333.578739720829,36864.0,0.0,36864.0,36864.0
aggregate,traj_initial_rms_movement,layer3.2.conv2.weight,stage3,5.0,0.04512952756768327,0.003775619980572851,0.04044147616690716,0.04981757896845938,568.4,75.20837719296966,475.0164656761603,661.7835343238396,1595.6,104.61739817066757,1465.7003431057335,1725.4996568942663,36864.0,0.0,36864.0,36864.0
aggregate,traj_max_abs,conv1.weight,stem,5.0,0.7188779811584545,0.023753812659793514,0.689383727158712,0.748372235158197,419.8,5.890670590009257,412.4857664031078,427.11423359689223,307.0,12.609520212918492,291.3432127169964,322.6567872830036,432.0,0.0,432.0,432.0
aggregate,traj_max_abs,fc.weight,head,5.0,0.8194668596473645,0.013066100708389965,0.803243152800852,0.8356905664938771,594.2,6.978538528947161,585.5349999485285,602.8650000514716,524.8,6.260990336999411,517.0259537054461,532.5740462945538,640.0,0.0,640.0,640.0
aggregate,traj_max_abs,layer1.0.conv1.weight,stage1,5.0,0.4055897290009766,0.017601717098038608,0.3837343105737744,0.42744514742817885,1646.0,65.58582163852185,1564.5644464788338,1727.4355535211662,840.8,56.20676115913458,771.0100882130647,910.5899117869352,2304.0,0.0,2304.0,2304.0
aggregate,traj_max_abs,layer1.0.conv2.weight,stage1,5.0,0.3815919728241108,0.01368903623362688,0.3645947893627094,0.39858915628551217,1662.2,90.30891428867918,1550.0666724108773,1774.3333275891227,827.4,50.767115340543036,764.3643005889895,890.4356994110104,2304.0,0.0,2304.0,2304.0
aggregate,traj_max_abs,layer1.1.conv1.weight,stage1,5.0,0.3779610389316378,0.011238328283689659,0.3640068113017852,0.3919152665614904,1517.6,94.86727570664185,1399.806719147392,1635.3932808526079,777.0,46.834816109385976,718.8468949744816,835.1531050255184,2304.0,0.0,2304.0,2304.0
aggregate,traj_max_abs,layer1.1.conv2.weight,stage1,5.0,0.34404087242922776,0.011654167365344472,0.3295703123826383,0.35851143247581724,1501.8,65.7890568407847,1420.1120966450164,1583.4879033549835,724.0,30.29026246172192,686.3896716051369,761.6103283948631,2304.0,0.0,2304.0,2304.0
aggregate,traj_max_abs,layer1.2.conv1.weight,stage1,5.0,0.3794694047255522,0.024058721255762288,0.34959655669945244,0.4093422527516519,1456.2,73.28847112609186,1365.2003439193354,1547.1996560806647,801.6,51.553855335949414,737.5874338607465,865.6125661392535,2304.0,0.0,2304.0,2304.0
aggregate,traj_max_abs,layer1.2.conv2.weight,stage1,5.0,0.343650928450857,0.019092458478402165,0.31994451012102476,0.3673573467806892,1415.4,37.89854878488093,1368.3427363896444,1462.4572636103558,717.6,43.56948473415769,663.5013393853078,771.6986606146922,2304.0,0.0,2304.0,2304.0
aggregate,traj_max_abs,layer2.0.conv1.weight,stage2,5.0,0.3507159289485625,0.00813748626745675,0.34061190521438395,0.3608199526827411,2718.4,84.9517510119715,2612.9184691840646,2823.8815308159355,1476.6,27.682124195949992,1442.2281029920834,1510.9718970079164,4608.0,0.0,4608.0,4608.0
aggregate,traj_max_abs,layer2.0.conv2.weight,stage2,5.0,0.27028010332932373,0.015828343759975386,0.25062661873136904,0.2899335879272784,3626.0,119.94373681022282,3477.0701801927185,3774.9298198072815,2237.2,54.627831734382426,2169.370588035484,2305.0294119645155,9216.0,0.0,9216.0,9216.0
aggregate,traj_max_abs,layer2.0.shortcut.0.weight,stage2,5.0,0.5810504430373009,0.00951360630144381,0.5692377405997137,0.5928631454748882,474.0,10.770329614269007,460.6268694691743,487.3731305308257,297.2,3.420526275297414,292.9528556690532,301.4471443309468,512.0,0.0,512.0,512.0
aggregate,traj_max_abs,layer2.1.conv1.weight,stage2,5.0,0.27298682683075115,0.014038766932591857,0.25555539535137833,0.29041825831012397,3345.6,143.1373466290332,3167.871509892316,3523.3284901076836,2317.8,65.83084383478614,2236.060211238972,2399.5397887610284,9216.0,0.0,9216.0,9216.0
aggregate,traj_max_abs,layer2.1.conv2.weight,stage2,5.0,0.24776780366309592,0.019369638254269746,0.22371722118453874,0.2718183861416531,2936.0,65.55913361233506,2854.597584040133,3017.402415959867,2072.8,82.4330030994868,1970.4459077875479,2175.1540922124523,9216.0,0.0,9216.0,9216.0
aggregate,traj_max_abs,layer2.2.conv1.weight,stage2,5.0,0.23971833028367212,0.013548762190051866,0.2228953200520603,0.25654134051528393,2477.2,109.86218639732235,2340.788078386493,2613.6119216135066,2128.6,33.09531688925186,2087.506736509471,2169.693263490529,9216.0,0.0,9216.0,9216.0
aggregate,traj_max_abs,layer2.2.conv2.weight,stage2,5.0,0.2142257332658005,0.016906024752026114,0.19323413097846792,0.23521733555313307,2087.2,116.23983826554475,1942.8691776686444,2231.5308223313555,1836.0,27.230497608380205,1802.1888714665006,1869.8111285334994,9216.0,0.0,9216.0,9216.0
aggregate,traj_max_abs,layer3.0.conv1.weight,stage3,5.0,0.2318090764582089,0.02342413015802066,0.20272417735175552,0.26089397556466226,4214.8,173.13780638554942,3999.821019083089,4429.778980916911,3825.0,61.91526467681455,3748.122044911542,3901.877955088458,18432.0,0.0,18432.0,18432.0
aggregate,traj_max_abs,layer3.0.conv2.weight,stage3,5.0,0.15211197566252485,0.012444636832232911,0.13665991813722067,0.16756403318782903,4692.4,260.2677467532233,4369.234908962907,5015.565091037092,5977.0,147.0187062927708,5794.452165333773,6159.547834666227,36864.0,0.0,36864.0,36864.0
aggregate,traj_max_abs,layer3.0.shortcut.0.weight,stage3,5.0,0.47850867669807784,0.012076055948756334,0.46351427278621266,0.493503080609943,1671.2,37.804761604856076,1624.2591885545742,1718.140811445426,933.0,18.547236990991408,909.9705635621328,956.0294364378672,2048.0,0.0,2048.0,2048.0
aggregate,traj_max_abs,layer3.1.conv1.weight,stage3,5.0,0.15621158167594257,0.013293083404393226,0.13970603858758754,0.1727171247642976,4509.0,293.36069948103136,4144.744580966529,4873.255419033471,6521.2,109.84170428393762,6384.81351028929,6657.586489710709,36864.0,0.0,36864.0,36864.0
aggregate,traj_max_abs,layer3.1.conv2.weight,stage3,5.0,0.10653735463436631,0.01026285011777724,0.09379434312416103,0.11928036614457159,1541.2,93.76939799316193,1424.7699143786504,1657.6300856213497,4686.0,87.64416694794924,4577.175393248171,4794.824606751829,36864.0,0.0,36864.0,36864.0
aggregate,traj_max_abs,layer3.2.conv1.weight,stage3,5.0,0.07206551690072074,0.003571808297223512,0.0676305311295728,0.07650050267186868,754.4,96.71246041746637,634.3156197219251,874.4843802780748,4104.8,184.25172997830984,3876.021260279171,4333.578739720829,36864.0,0.0,36864.0,36864.0
aggregate,traj_max_abs,layer3.2.conv2.weight,stage3,5.0,0.05652467509712152,0.005573749399934516,0.049603951132212984,0.06344539906203006,268.4,54.44997704315402,200.79142380249405,336.00857619750593,1595.6,104.61739817066757,1465.7003431057335,1725.4996568942663,36864.0,0.0,36864.0,36864.0
aggregate,traj_mean_abs,conv1.weight,stem,5.0,0.7242993985670636,0.023532594257336316,0.6950798234933924,0.7535189736407348,403.8,8.34865258589672,393.4337786505813,414.1662213494187,307.0,12.609520212918492,291.3432127169964,322.6567872830036,432.0,0.0,432.0,432.0
aggregate,traj_mean_abs,fc.weight,head,5.0,0.8125889053529647,0.020687790325884456,0.7869016209029258,0.8382761898030036,566.4,10.261578825892242,553.6585670071595,579.1414329928405,524.8,6.260990336999411,517.0259537054461,532.5740462945538,640.0,0.0,640.0,640.0
aggregate,traj_mean_abs,layer1.0.conv1.weight,stage1,5.0,0.4219391095970749,0.018267656682303197,0.3992568179631126,0.44462140123103727,1407.0,49.07137658554119,1346.0698383514343,1467.9301616485657,840.8,56.20676115913458,771.0100882130647,910.5899117869352,2304.0,0.0,2304.0,2304.0
aggregate,traj_mean_abs,layer1.0.conv2.weight,stage1,5.0,0.39283862668032865,0.011966523354908434,0.3779802254468743,0.407697027913783,1410.4,75.5235062745368,1316.6251812407916,1504.1748187592086,827.4,50.767115340543036,764.3643005889895,890.4356994110104,2304.0,0.0,2304.0,2304.0
aggregate,traj_mean_abs,layer1.1.conv1.weight,stage1,5.0,0.384334197957091,0.017336572916925218,0.3628079995139105,0.4058603964002715,1288.6,80.12053419692107,1189.1172171708292,1388.0827828291706,777.0,46.834816109385976,718.8468949744816,835.1531050255184,2304.0,0.0,2304.0,2304.0
aggregate,traj_mean_abs,layer1.1.conv2.weight,stage1,5.0,0.35447974085975853,0.01557575722129251,0.3351398838733173,0.3738195978461998,1282.2,44.65086785270808,1226.7586248987386,1337.6413751012615,724.0,30.29026246172192,686.3896716051369,761.6103283948631,2304.0,0.0,2304.0,2304.0
aggregate,traj_mean_abs,layer1.2.conv1.weight,stage1,5.0,0.3870836174853882,0.019306952224269987,0.36311086999347203,0.4110563649773044,1253.0,61.91930232165088,1176.1170315133113,1329.8829684866887,801.6,51.553855335949414,737.5874338607465,865.6125661392535,2304.0,0.0,2304.0,2304.0
aggregate,traj_mean_abs,layer1.2.conv2.weight,stage1,5.0,0.3498907504070302,0.022426789233046435,0.3220442136210526,0.3777372871930078,1199.2,31.491268631161876,1160.0984254829227,1238.3015745170774,717.6,43.56948473415769,663.5013393853078,771.6986606146922,2304.0,0.0,2304.0,2304.0
aggregate,traj_mean_abs,layer2.0.conv1.weight,stage2,5.0,0.35809591671908336,0.012192715910925477,0.34295666033216093,0.3732351731060058,2354.2,83.6253550067203,2250.365407351146,2458.0345926488535,1476.6,27.682124195949992,1442.2281029920834,1510.9718970079164,4608.0,0.0,4608.0,4608.0
aggregate,traj_mean_abs,layer2.0.conv2.weight,stage2,5.0,0.2705181435513773,0.017274946362622272,0.24906846458200815,0.2919678225207465,3180.2,103.8975456880479,3051.19415801742,3309.20584198258,2237.2,54.627831734382426,2169.370588035484,2305.0294119645155,9216.0,0.0,9216.0,9216.0
aggregate,traj_mean_abs,layer2.0.shortcut.0.weight,stage2,5.0,0.5837801063652155,0.010765790926624516,0.5704126113594371,0.5971476013709939,452.8,12.336936410632909,437.4816702107879,468.1183297892121,297.2,3.420526275297414,292.9528556690532,301.4471443309468,512.0,0.0,512.0,512.0
aggregate,traj_mean_abs,layer2.1.conv1.weight,stage2,5.0,0.27281042992793114,0.01213057854797549,0.25774832726752706,0.28787253258833523,3063.0,103.73523991392703,2934.1956872538462,3191.8043127461538,2317.8,65.83084383478614,2236.060211238972,2399.5397887610284,9216.0,0.0,9216.0,9216.0
aggregate,traj_mean_abs,layer2.1.conv2.weight,stage2,5.0,0.2500281112436278,0.019663944170570827,0.22561209970434115,0.2744441227829144,2762.6,41.96188746946447,2710.4974350324883,2814.7025649675115,2072.8,82.4330030994868,1970.4459077875479,2175.1540922124523,9216.0,0.0,9216.0,9216.0
aggregate,traj_mean_abs,layer2.2.conv1.weight,stage2,5.0,0.246324689780208,0.011499410813069096,0.232046285373065,0.260603094187351,2537.6,71.349842326385,2449.0074695058124,2626.1925304941874,2128.6,33.09531688925186,2087.506736509471,2169.693263490529,9216.0,0.0,9216.0,9216.0
aggregate,traj_mean_abs,layer2.2.conv2.weight,stage2,5.0,0.22833814211197484,0.016153763081155882,0.20828059605859042,0.24839568816535926,2312.6,82.82089108431519,2209.7642812414506,2415.4357187585492,1836.0,27.230497608380205,1802.1888714665006,1869.8111285334994,9216.0,0.0,9216.0,9216.0
aggregate,traj_mean_abs,layer3.0.conv1.weight,stage3,5.0,0.23766242475247318,0.020210239282971935,0.21256809823972342,0.2627567512652229,4541.8,103.75789126615865,4412.96756188527,4670.632438114731,3825.0,61.91526467681455,3748.122044911542,3901.877955088458,18432.0,0.0,18432.0,18432.0
aggregate,traj_mean_abs,layer3.0.conv2.weight,stage3,5.0,0.14843159303615522,0.010437925898266514,0.13547119623235898,0.16139198983995146,4259.0,231.40980964514014,3971.6667705324426,4546.333229467557,5977.0,147.0187062927708,5794.452165333773,6159.547834666227,36864.0,0.0,36864.0,36864.0
aggregate,traj_mean_abs,layer3.0.shortcut.0.weight,stage3,5.0,0.48632700846900406,0.011370780579561925,0.47220831959188747,0.5004456973461207,1576.8,35.102706448363776,1533.2142331635514,1620.3857668364485,933.0,18.547236990991408,909.9705635621328,956.0294364378672,2048.0,0.0,2048.0,2048.0
aggregate,traj_mean_abs,layer3.1.conv1.weight,stage3,5.0,0.15651207125314456,0.01147271417485813,0.14226681510054118,0.17075732740574795,4191.8,270.3899036576625,3856.0665911504957,4527.533408849505,6521.2,109.84170428393762,6384.81351028929,6657.586489710709,36864.0,0.0,36864.0,36864.0
aggregate,traj_mean_abs,layer3.1.conv2.weight,stage3,5.0,0.1426635124022603,0.011887057852301193,0.12790378062249252,0.15742324418202808,2598.6,92.06139255953063,2484.2906832343265,2712.9093167656733,4686.0,87.64416694794924,4577.175393248171,4794.824606751829,36864.0,0.0,36864.0,36864.0
aggregate,traj_mean_abs,layer3.2.conv1.weight,stage3,5.0,0.12139596532051271,0.005228738153058041,0.11490362939982608,0.12788830124119932,1780.6,109.22820148661242,1644.9752746255263,1916.2247253744736,4104.8,184.25172997830984,3876.021260279171,4333.578739720829,36864.0,0.0,36864.0,36864.0
aggregate,traj_mean_abs,layer3.2.conv2.weight,stage3,5.0,0.1210019825135084,0.007519473265271919,0.11166532327456453,0.13033864175245224,1106.8,94.332921082727,989.6702080461807,1223.9297919538192,1595.6,104.61739817066757,1465.7003431057335,1725.4996568942663,36864.0,0.0,36864.0,36864.0
aggregate,traj_path_length,conv1.weight,stem,5.0,0.700758090127249,0.027526932250155053,0.6665788893712372,0.7349372908832608,423.0,3.082207001484488,419.1729345312451,426.8270654687549,307.0,12.609520212918492,291.3432127169964,322.6567872830036,432.0,0.0,432.0,432.0
aggregate,traj_path_length,fc.weight,head,5.0,0.8106038322821769,0.010143731033506999,0.798008726650409,0.8231989379139448,613.0,5.385164807134504,606.3134347345872,619.6865652654128,524.8,6.260990336999411,517.0259537054461,532.5740462945538,640.0,0.0,640.0,640.0
aggregate,traj_path_length,layer1.0.conv1.weight,stage1,5.0,0.3625520274449392,0.01990488399754495,0.33783684959676535,0.38726720529311304,1841.8,86.69025320069147,1734.1598336055324,1949.4401663944675,840.8,56.20676115913458,771.0100882130647,910.5899117869352,2304.0,0.0,2304.0,2304.0
aggregate,traj_path_length,layer1.0.conv2.weight,stage1,5.0,0.34873053115581926,0.026301101007928266,0.31607340092115394,0.3813876613904846,1895.8,108.14897133121517,1761.515315855259,2030.084684144741,827.4,50.767115340543036,764.3643005889895,890.4356994110104,2304.0,0.0,2304.0,2304.0
aggregate,traj_path_length,layer1.1.conv1.weight,stage1,5.0,0.3318347602176763,0.021581304696428365,0.3050380311418553,0.35863148929349725,1719.8,129.13055409158594,1559.4632399163736,1880.1367600836263,777.0,46.834816109385976,718.8468949744816,835.1531050255184,2304.0,0.0,2304.0,2304.0
aggregate,traj_path_length,layer1.1.conv2.weight,stage1,5.0,0.3034787019861694,0.013729862101278148,0.28643082651470997,0.3205265774576288,1713.8,100.62405279057289,1588.8587362965905,1838.7412637034095,724.0,30.29026246172192,686.3896716051369,761.6103283948631,2304.0,0.0,2304.0,2304.0
aggregate,traj_path_length,layer1.2.conv1.weight,stage1,5.0,0.3297231931901311,0.02296396587922782,0.3012096635019142,0.358236722878348,1564.4,127.37856962613452,1406.238615952537,1722.5613840474632,801.6,51.553855335949414,737.5874338607465,865.6125661392535,2304.0,0.0,2304.0,2304.0
aggregate,traj_path_length,layer1.2.conv2.weight,stage1,5.0,0.29154186882828165,0.020400431204289943,0.2662113878540821,0.3168723498024812,1523.6,93.09027876207053,1408.0131522783843,1639.1868477216155,717.6,43.56948473415769,663.5013393853078,771.6986606146922,2304.0,0.0,2304.0,2304.0
aggregate,traj_path_length,layer2.0.conv1.weight,stage2,5.0,0.2846599838974662,0.005137036165518641,0.278281511033271,0.29103845676166146,2810.0,126.85818854137875,2652.4847544108243,2967.5152455891757,1476.6,27.682124195949992,1442.2281029920834,1510.9718970079164,4608.0,0.0,4608.0,4608.0
aggregate,traj_path_length,layer2.0.conv2.weight,stage2,5.0,0.22284230830610824,0.007356238656796119,0.21370833160376967,0.2319762850084468,4896.2,166.85382824496418,4689.023608505753,5103.3763914942465,2237.2,54.627831734382426,2169.370588035484,2305.0294119645155,9216.0,0.0,9216.0,9216.0
aggregate,traj_path_length,layer2.0.shortcut.0.weight,stage2,5.0,0.5508607518180073,0.012376230564525352,0.5354936318925672,0.5662278717434475,469.6,15.142654985173504,450.7979104676893,488.40208953231075,297.2,3.420526275297414,292.9528556690532,301.4471443309468,512.0,0.0,512.0,512.0
aggregate,traj_path_length,layer2.1.conv1.weight,stage2,5.0,0.21834209569319513,0.006817722494680273,0.20987677512180666,0.2268074162645836,3979.2,208.85808579032798,3719.868434140396,4238.531565859604,2317.8,65.83084383478614,2236.060211238972,2399.5397887610284,9216.0,0.0,9216.0,9216.0
aggregate,traj_path_length,layer2.1.conv2.weight,stage2,5.0,0.18461752606609033,0.010850784672858762,0.17114449738554038,0.19809055474664028,3229.4,130.79296617173264,3066.999082686277,3391.8009173137234,2072.8,82.4330030994868,1970.4459077875479,2175.1540922124523,9216.0,0.0,9216.0,9216.0
aggregate,traj_path_length,layer2.2.conv1.weight,stage2,5.0,0.16380666640010663,0.007727073574055832,0.1542122373317298,0.17340109546848345,2313.0,102.76429340972476,2185.4012765722964,2440.5987234277036,2128.6,33.09531688925186,2087.506736509471,2169.693263490529,9216.0,0.0,9216.0,9216.0
aggregate,traj_path_length,layer2.2.conv2.weight,stage2,5.0,0.11653107326118864,0.008091317339497892,0.10648437582269223,0.12657777069968507,1558.0,120.1623901227002,1408.7986862465273,1707.2013137534727,1836.0,27.230497608380205,1802.1888714665006,1869.8111285334994,9216.0,0.0,9216.0,9216.0
aggregate,traj_path_length,layer3.0.conv1.weight,stage3,5.0,0.13621752186519634,0.0105293475151424,0.12314361013106773,0.14929143359932495,3728.8,322.71303041556905,3328.098848381751,4129.501151618249,3825.0,61.91526467681455,3748.122044911542,3901.877955088458,18432.0,0.0,18432.0,18432.0
aggregate,traj_path_length,layer3.0.conv2.weight,stage3,5.0,0.10208607782683579,0.007644820778774134,0.09259377909311187,0.11157837656055972,4916.6,363.7675081697099,4464.922981389377,5368.277018610624,5977.0,147.0187062927708,5794.452165333773,6159.547834666227,36864.0,0.0,36864.0,36864.0
aggregate,traj_path_length,layer3.0.shortcut.0.weight,stage3,5.0,0.3591862109466225,0.013807196726882867,0.34204231185473516,0.37633011003850986,1416.6,93.33166665178544,1300.713429626123,1532.486570373877,933.0,18.547236990991408,909.9705635621328,956.0294364378672,2048.0,0.0,2048.0,2048.0
aggregate,traj_path_length,layer3.1.conv1.weight,stage3,5.0,0.0996934924463315,0.007247645682901374,0.0906943517301359,0.10869263316252709,4155.4,364.92711601085495,3702.2831380809916,4608.516861919007,6521.2,109.84170428393762,6384.81351028929,6657.586489710709,36864.0,0.0,36864.0,36864.0
aggregate,traj_path_length,layer3.1.conv2.weight,stage3,5.0,0.025867205427905316,0.003941293465763551,0.020973443225110966,0.030760967630699666,562.6,128.1358653929492,403.49830906289105,721.701690937109,4686.0,87.64416694794924,4577.175393248171,4794.824606751829,36864.0,0.0,36864.0,36864.0
aggregate,traj_path_length,layer3.2.conv1.weight,stage3,5.0,0.009403860107595632,0.0009156696377592075,0.00826690608414174,0.010540814131049524,162.2,42.29893615683496,109.67893381173843,214.72106618826155,4104.8,184.25172997830984,3876.021260279171,4333.578739720829,36864.0,0.0,36864.0,36864.0
aggregate,traj_path_length,layer3.2.conv2.weight,stage3,5.0,0.005259591866640835,0.001986844028574746,0.0027925991663134368,0.007726584566968233,36.2,9.418067742376882,24.505924351646403,47.894075648353606,1595.6,104.61739817066757,1465.7003431057335,1725.4996568942663,36864.0,0.0,36864.0,36864.0
aggregate,traj_post_rewind_path_length,conv1.weight,stem,5.0,0.6818185138724248,0.027811898277937497,0.6472854810590044,0.7163515466858451,397.0,5.916079783099616,389.65421672282406,404.34578327717594,307.0,12.609520212918492,291.3432127169964,322.6567872830036,432.0,0.0,432.0,432.0
aggregate,traj_post_rewind_path_length,fc.weight,head,5.0,0.7602741810407027,0.023332137276248072,0.7313035061836374,0.7892448558977679,556.0,12.786711852544421,540.1232002372902,571.8767997627098,524.8,6.260990336999411,517.0259537054461,532.5740462945538,640.0,0.0,640.0,640.0
aggregate,traj_post_rewind_path_length,layer1.0.conv1.weight,stage1,5.0,0.3337959325470702,0.020085317792008818,0.3088567165522513,0.3587351485418891,1526.8,125.77638888122047,1370.6279861021121,1682.9720138978878,840.8,56.20676115913458,771.0100882130647,910.5899117869352,2304.0,0.0,2304.0,2304.0
aggregate,traj_post_rewind_path_length,layer1.0.conv2.weight,stage1,5.0,0.32519651341611805,0.02970746828261532,0.28830981957181434,0.36208320726042176,1625.8,173.74607909245032,1410.0657487618403,1841.5342512381596,827.4,50.767115340543036,764.3643005889895,890.4356994110104,2304.0,0.0,2304.0,2304.0
aggregate,traj_post_rewind_path_length,layer1.1.conv1.weight,stage1,5.0,0.3078960539637867,0.023377442525986936,0.27886912520919105,0.3369229827183824,1445.8,151.30664228645088,1257.9279895838183,1633.6720104161816,777.0,46.834816109385976,718.8468949744816,835.1531050255184,2304.0,0.0,2304.0,2304.0
aggregate,traj_post_rewind_path_length,layer1.1.conv2.weight,stage1,5.0,0.277575919256552,0.014284129242251862,0.25983983023075824,0.2953120082823458,1453.6,129.45964622228811,1292.8546180655885,1614.3453819344113,724.0,30.29026246172192,686.3896716051369,761.6103283948631,2304.0,0.0,2304.0,2304.0
aggregate,traj_post_rewind_path_length,layer1.2.conv1.weight,stage1,5.0,0.30649503820671936,0.02282513446194349,0.278153890491164,0.3348361859222747,1347.2,123.48157757333682,1193.8773706857821,1500.522629314218,801.6,51.553855335949414,737.5874338607465,865.6125661392535,2304.0,0.0,2304.0,2304.0
aggregate,traj_post_rewind_path_length,layer1.2.conv2.weight,stage1,5.0,0.2673179771495605,0.02082100778664834,0.24146528137455897,0.29317067292456206,1301.0,108.60478810807561,1166.149344573654,1435.850655426346,717.6,43.56948473415769,663.5013393853078,771.6986606146922,2304.0,0.0,2304.0,2304.0
aggregate,traj_post_rewind_path_length,layer2.0.conv1.weight,stage2,5.0,0.26959694199818973,0.006340252675445635,0.26172447851157377,0.2774694054848057,2538.6,149.87261257481302,2352.5085726491134,2724.6914273508864,1476.6,27.682124195949992,1442.2281029920834,1510.9718970079164,4608.0,0.0,4608.0,4608.0
aggregate,traj_post_rewind_path_length,layer2.0.conv2.weight,stage2,5.0,0.21303931605786203,0.006824210221859206,0.20456593990920532,0.22151269220651873,4539.4,181.64470815303153,4313.85830542215,4764.941694577849,2237.2,54.627831734382426,2169.370588035484,2305.0294119645155,9216.0,0.0,9216.0,9216.0
aggregate,traj_post_rewind_path_length,layer2.0.shortcut.0.weight,stage2,5.0,0.5473360418848046,0.01378869854094183,0.5302151113244323,0.5644569724451768,460.4,11.545561917897285,446.0642914275145,474.73570857248546,297.2,3.420526275297414,292.9528556690532,301.4471443309468,512.0,0.0,512.0,512.0
aggregate,traj_post_rewind_path_length,layer2.1.conv1.weight,stage2,5.0,0.21014204790028934,0.009929070222630534,0.19781347886921194,0.22247061693136674,3823.0,186.3504762537515,3591.615322587591,4054.384677412409,2317.8,65.83084383478614,2236.060211238972,2399.5397887610284,9216.0,0.0,9216.0,9216.0
aggregate,traj_post_rewind_path_length,layer2.1.conv2.weight,stage2,5.0,0.17709753884251078,0.009404872124160114,0.16541984771823098,0.18877522996679058,3145.4,119.69670003805452,2996.7769168589525,3294.0230831410477,2072.8,82.4330030994868,1970.4459077875479,2175.1540922124523,9216.0,0.0,9216.0,9216.0
aggregate,traj_post_rewind_path_length,layer2.2.conv1.weight,stage2,5.0,0.1599324703883034,0.003965480506240862,0.1550086760081253,0.16485626476848153,2414.2,68.17404198080088,2329.550746460407,2498.8492535395926,2128.6,33.09531688925186,2087.506736509471,2169.693263490529,9216.0,0.0,9216.0,9216.0
aggregate,traj_post_rewind_path_length,layer2.2.conv2.weight,stage2,5.0,0.11147934587811503,0.006011579868377648,0.10401498358322397,0.11894370817300609,1589.2,105.61581320995451,1458.0606470961857,1720.3393529038144,1836.0,27.230497608380205,1802.1888714665006,1869.8111285334994,9216.0,0.0,9216.0,9216.0
aggregate,traj_post_rewind_path_length,layer3.0.conv1.weight,stage3,5.0,0.1402297824079429,0.007944794753339274,0.13036501678960336,0.15009454802628244,4161.2,300.8790454651171,3787.60932143205,4534.79067856795,3825.0,61.91526467681455,3748.122044911542,3901.877955088458,18432.0,0.0,18432.0,18432.0
aggregate,traj_post_rewind_path_length,layer3.0.conv2.weight,stage3,5.0,0.10730373950885375,0.00696097248716531,0.09866055057905365,0.11594692843865384,5780.2,426.99906323082257,5250.010635919554,6310.389364080445,5977.0,147.0187062927708,5794.452165333773,6159.547834666227,36864.0,0.0,36864.0,36864.0
aggregate,traj_post_rewind_path_length,layer3.0.shortcut.0.weight,stage3,5.0,0.3565300627322162,0.00984996237925601,0.3442997190622325,0.3687604064021999,1395.8,57.91545562283007,1323.888463813564,1467.711536186436,933.0,18.547236990991408,909.9705635621328,956.0294364378672,2048.0,0.0,2048.0,2048.0
aggregate,traj_post_rewind_path_length,layer3.1.conv1.weight,stage3,5.0,0.10842631539108546,0.007657529134743008,0.09891823714927864,0.11793439363289229,5089.4,437.67830652203907,4545.950603996791,5632.849396003208,6521.2,109.84170428393762,6384.81351028929,6657.586489710709,36864.0,0.0,36864.0,36864.0
aggregate,traj_post_rewind_path_length,layer3.1.conv2.weight,stage3,5.0,0.027368707090575463,0.002362572177689493,0.024435186274380547,0.03030222790677038,677.8,88.53925682995086,567.863992366533,787.7360076334669,4686.0,87.64416694794924,4577.175393248171,4794.824606751829,36864.0,0.0,36864.0,36864.0
aggregate,traj_post_rewind_path_length,layer3.2.conv1.weight,stage3,5.0,0.012560857811075502,0.0021662035712821,0.009871160823834092,0.015250554798316912,231.8,62.8545941041703,153.755713379141,309.844286620859,4104.8,184.25172997830984,3876.021260279171,4333.578739720829,36864.0,0.0,36864.0,36864.0
aggregate,traj_post_rewind_path_length,layer3.2.conv2.weight,stage3,5.0,0.004342859191161124,0.002070614647271849,0.0017718515294902785,0.00691386685283197,29.4,9.710818709048171,17.342426015891306,41.45757398410869,1595.6,104.61739817066757,1465.7003431057335,1725.4996568942663,36864.0,0.0,36864.0,36864.0
aggregate,traj_rewind_rms_movement,conv1.weight,stem,5.0,0.6381161878841595,0.03842625223213302,0.5904036939016227,0.6858286818666962,356.8,9.549869109050658,344.9422713397335,368.6577286602665,307.0,12.609520212918492,291.3432127169964,322.6567872830036,432.0,0.0,432.0,432.0
aggregate,traj_rewind_rms_movement,fc.weight,head,5.0,0.7592480304102728,0.02468994617809534,0.7285914131233431,0.7899046476972025,531.0,12.186057606953941,515.8690109894081,546.1309890105919,524.8,6.260990336999411,517.0259537054461,532.5740462945538,640.0,0.0,640.0,640.0
aggregate,traj_rewind_rms_movement,layer1.0.conv1.weight,stage1,5.0,0.31145217641263695,0.018247683899528966,0.2887946842639893,0.3341096685612846,1258.0,103.1818782538872,1129.8827765051042,1386.1172234948958,840.8,56.20676115913458,771.0100882130647,910.5899117869352,2304.0,0.0,2304.0,2304.0
aggregate,traj_rewind_rms_movement,layer1.0.conv2.weight,stage1,5.0,0.29693264130517283,0.030792745249449593,0.2586983981230712,0.33516688448727444,1282.4,133.87419467544893,1116.1732321829727,1448.6267678170275,827.4,50.767115340543036,764.3643005889895,890.4356994110104,2304.0,0.0,2304.0,2304.0
aggregate,traj_rewind_rms_movement,layer1.1.conv1.weight,stage1,5.0,0.2847433061194796,0.024143796982242522,0.2547648226266883,0.31472178961227093,1150.2,120.52468626800072,1000.5488361662196,1299.8511638337804,777.0,46.834816109385976,718.8468949744816,835.1531050255184,2304.0,0.0,2304.0,2304.0
aggregate,traj_rewind_rms_movement,layer1.1.conv2.weight,stage1,5.0,0.260460161752612,0.012891171780229138,0.24445365785844111,0.27646666564678285,1127.2,67.60325435953509,1043.2594729003536,1211.1405270996465,724.0,30.29026246172192,686.3896716051369,761.6103283948631,2304.0,0.0,2304.0,2304.0
aggregate,traj_rewind_rms_movement,layer1.2.conv1.weight,stage1,5.0,0.28822740418022474,0.026130935303138727,0.25578156257492557,0.3206732457855239,1120.4,94.1636872685007,1003.4803395805844,1237.3196604194159,801.6,51.553855335949414,737.5874338607465,865.6125661392535,2304.0,0.0,2304.0,2304.0
aggregate,traj_rewind_rms_movement,layer1.2.conv2.weight,stage1,5.0,0.24818267387595547,0.015827790785756034,0.2285298758861809,0.26783547186573003,1044.0,71.11610225539643,955.6976961368965,1132.3023038631034,717.6,43.56948473415769,663.5013393853078,771.6986606146922,2304.0,0.0,2304.0,2304.0
aggregate,traj_rewind_rms_movement,layer2.0.conv1.weight,stage2,5.0,0.24850531327628467,0.004126431192622781,0.24338167222333992,0.2536289543292294,2013.0,61.9394865978077,1936.0919694242775,2089.9080305757225,1476.6,27.682124195949992,1442.2281029920834,1510.9718970079164,4608.0,0.0,4608.0,4608.0
aggregate,traj_rewind_rms_movement,layer2.0.conv2.weight,stage2,5.0,0.20449799082594752,0.009318791368064568,0.19292718307744972,0.21606879857444533,3501.8,98.25833297995646,3379.7961654152705,3623.80383458473,2237.2,54.627831734382426,2169.370588035484,2305.0294119645155,9216.0,0.0,9216.0,9216.0
aggregate,traj_rewind_rms_movement,layer2.0.shortcut.0.weight,stage2,5.0,0.47948122124873843,0.02619989753884279,0.4469497517181299,0.512012690779347,382.8,14.463747785411636,364.8408850957549,400.7591149042451,297.2,3.420526275297414,292.9528556690532,301.4471443309468,512.0,0.0,512.0,512.0
aggregate,traj_rewind_rms_movement,layer2.1.conv1.weight,stage2,5.0,0.20167691921450825,0.00863259409278985,0.1909581379183846,0.21239570051063192,3214.0,135.03147781165694,3046.3362753770148,3381.6637246229852,2317.8,65.83084383478614,2236.060211238972,2399.5397887610284,9216.0,0.0,9216.0,9216.0
aggregate,traj_rewind_rms_movement,layer2.1.conv2.weight,stage2,5.0,0.16466016286093058,0.008969416380748661,0.15352316145605582,0.17579716426580533,2762.8,78.34028337962532,2665.5276905184387,2860.0723094815617,2072.8,82.4330030994868,1970.4459077875479,2175.1540922124523,9216.0,0.0,9216.0,9216.0
aggregate,traj_rewind_rms_movement,layer2.2.conv1.weight,stage2,5.0,0.16141960174917044,0.0076472298705258885,0.15192431173295,0.17091489176539088,2410.6,84.41741526486108,2305.7819346442047,2515.418065355795,2128.6,33.09531688925186,2087.506736509471,2169.693263490529,9216.0,0.0,9216.0,9216.0
aggregate,traj_rewind_rms_movement,layer2.2.conv2.weight,stage2,5.0,0.1166415776307943,0.006825605300295075,0.1081664692634691,0.1251166859981195,1872.4,66.28951651656541,1790.090693883047,1954.7093061169533,1836.0,27.230497608380205,1802.1888714665006,1869.8111285334994,9216.0,0.0,9216.0,9216.0
aggregate,traj_rewind_rms_movement,layer3.0.conv1.weight,stage3,5.0,0.14274116710788323,0.00853809892319139,0.13213971706185412,0.15334261715391234,4282.2,153.5633419797837,4091.5259268198492,4472.87407318015,3825.0,61.91526467681455,3748.122044911542,3901.877955088458,18432.0,0.0,18432.0,18432.0
aggregate,traj_rewind_rms_movement,layer3.0.conv2.weight,stage3,5.0,0.11649386674283253,0.009391059222468752,0.10483332660129363,0.12815440688437144,6233.2,333.8947438939403,5818.614917317427,6647.7850826825725,5977.0,147.0187062927708,5794.452165333773,6159.547834666227,36864.0,0.0,36864.0,36864.0
aggregate,traj_rewind_rms_movement,layer3.0.shortcut.0.weight,stage3,5.0,0.3034018076384224,0.015020558579438072,0.28475132081742344,0.32205229445942135,1120.2,23.12358103754693,1091.4882819161307,1148.9117180838693,933.0,18.547236990991408,909.9705635621328,956.0294364378672,2048.0,0.0,2048.0,2048.0
aggregate,traj_rewind_rms_movement,layer3.1.conv1.weight,stage3,5.0,0.12214423954707938,0.00881567301562411,0.1111981357436425,0.13309034335051628,5983.0,278.6413465370852,5637.021071593881,6328.978928406119,6521.2,109.84170428393762,6384.81351028929,6657.586489710709,36864.0,0.0,36864.0,36864.0
aggregate,traj_rewind_rms_movement,layer3.1.conv2.weight,stage3,5.0,0.05897303003001915,0.002749946702449252,0.05555852021260875,0.06238753984742955,2214.4,122.88531238516669,2061.817731703315,2366.982268296685,4686.0,87.64416694794924,4577.175393248171,4794.824606751829,36864.0,0.0,36864.0,36864.0
aggregate,traj_rewind_rms_movement,layer3.2.conv1.weight,stage3,5.0,0.04387903694383989,0.0021247625801142805,0.04124079574338144,0.04651727814429834,1253.0,136.94341897294663,1082.9622868703575,1423.0377131296425,4104.8,184.25172997830984,3876.021260279171,4333.578739720829,36864.0,0.0,36864.0,36864.0
aggregate,traj_rewind_rms_movement,layer3.2.conv2.weight,stage3,5.0,0.02975789188790177,0.003846024033541894,0.024982422309226364,0.03453336146657718,415.6,87.21983719315234,307.3022682280689,523.8977317719311,1595.6,104.61739817066757,1465.7003431057335,1725.4996568942663,36864.0,0.0,36864.0,36864.0
aggregate,traj_rms_abs,conv1.weight,stem,5.0,0.7223072209487578,0.021951492196398158,0.6950508433816392,0.7495635985158763,411.6,7.700649323271382,402.0383809725017,421.1616190274983,307.0,12.609520212918492,291.3432127169964,322.6567872830036,432.0,0.0,432.0,432.0
aggregate,traj_rms_abs,fc.weight,head,5.0,0.8128274566891349,0.020140245854353436,0.7878200384968116,0.8378348748814582,579.6,9.736529155710468,567.510502279893,591.689497720107,524.8,6.260990336999411,517.0259537054461,532.5740462945538,640.0,0.0,640.0,640.0
aggregate,traj_rms_abs,layer1.0.conv1.weight,stage1,5.0,0.4195781034945088,0.01848952911927529,0.39662032084336446,0.44253588614565315,1482.2,50.95782569929765,1418.9275024024396,1545.4724975975605,840.8,56.20676115913458,771.0100882130647,910.5899117869352,2304.0,0.0,2304.0,2304.0
aggregate,traj_rms_abs,layer1.0.conv2.weight,stage1,5.0,0.3928263341783888,0.012722730865172189,0.37702897730426865,0.40862369105250895,1490.2,87.7108887197023,1381.292547226289,1599.1074527737112,827.4,50.767115340543036,764.3643005889895,890.4356994110104,2304.0,0.0,2304.0,2304.0
aggregate,traj_rms_abs,layer1.1.conv1.weight,stage1,5.0,0.3837128402989759,0.017855855934600148,0.3615418668278698,0.405883813770082,1368.6,90.3924775631247,1256.3629149014262,1480.8370850985737,777.0,46.834816109385976,718.8468949744816,835.1531050255184,2304.0,0.0,2304.0,2304.0
aggregate,traj_rms_abs,layer1.1.conv2.weight,stage1,5.0,0.3543936301991412,0.013567704047972398,0.3375471005444904,0.37124015985379205,1354.0,54.032397688794084,1286.909917053196,1421.090082946804,724.0,30.29026246172192,686.3896716051369,761.6103283948631,2304.0,0.0,2304.0,2304.0
aggregate,traj_rms_abs,layer1.2.conv1.weight,stage1,5.0,0.3866334534255105,0.022285426559676035,0.3589624415817467,0.4143044652692742,1322.2,68.25833282464494,1237.446085554228,1406.9539144457722,801.6,51.553855335949414,737.5874338607465,865.6125661392535,2304.0,0.0,2304.0,2304.0
aggregate,traj_rms_abs,layer1.2.conv2.weight,stage1,5.0,0.34837252520371503,0.021319896924490527,0.32190037674715993,0.37484467366027013,1271.6,28.918851982746478,1235.69250262364,1307.5074973763599,717.6,43.56948473415769,663.5013393853078,771.6986606146922,2304.0,0.0,2304.0,2304.0
aggregate,traj_rms_abs,layer2.0.conv1.weight,stage2,5.0,0.35733446857604856,0.010652282815587076,0.3441079125052494,0.3705610246468477,2486.6,83.82601028320505,2382.5162609182853,2590.6837390817145,1476.6,27.682124195949992,1442.2281029920834,1510.9718970079164,4608.0,0.0,4608.0,4608.0
aggregate,traj_rms_abs,layer2.0.conv2.weight,stage2,5.0,0.27362236268874957,0.017351748749868237,0.25207732096016094,0.2951674044173382,3362.2,111.70810176527037,3223.496071730381,3500.9039282696185,2237.2,54.627831734382426,2169.370588035484,2305.0294119645155,9216.0,0.0,9216.0,9216.0
aggregate,traj_rms_abs,layer2.0.shortcut.0.weight,stage2,5.0,0.5843222893968075,0.010598629789453553,0.5711623523569531,0.5974822264366619,461.0,13.546217184144066,444.1801498105991,477.8198501894009,297.2,3.420526275297414,292.9528556690532,301.4471443309468,512.0,0.0,512.0,512.0
aggregate,traj_rms_abs,layer2.1.conv1.weight,stage2,5.0,0.27293026382031976,0.014035984408862525,0.2555022873004858,0.29035824034015373,3204.2,112.70625537209548,3064.256700332109,3344.1432996678905,2317.8,65.83084383478614,2236.060211238972,2399.5397887610284,9216.0,0.0,9216.0,9216.0
aggregate,traj_rms_abs,layer2.1.conv2.weight,stage2,5.0,0.2516717478213025,0.02008237502383066,0.2267361857557855,0.2766073098868196,2866.4,54.47292905655065,2798.7629251137732,2934.037074886227,2072.8,82.4330030994868,1970.4459077875479,2175.1540922124523,9216.0,0.0,9216.0,9216.0
aggregate,traj_rms_abs,layer2.2.conv1.weight,stage2,5.0,0.24803560490396012,0.012460734245430056,0.23256355980022483,0.2635076500076954,2576.6,82.22712447848338,2474.5015398592473,2678.6984601407526,2128.6,33.09531688925186,2087.506736509471,2169.693263490529,9216.0,0.0,9216.0,9216.0
aggregate,traj_rms_abs,layer2.2.conv2.weight,stage2,5.0,0.22675464183393657,0.014335934877280002,0.20895422761622426,0.24455505605164887,2290.4,94.23003767376939,2173.397954671096,2407.402045328904,1836.0,27.230497608380205,1802.1888714665006,1869.8111285334994,9216.0,0.0,9216.0,9216.0
aggregate,traj_rms_abs,layer3.0.conv1.weight,stage3,5.0,0.23961986842599353,0.02209286107374042,0.21218795821341266,0.26705177863857443,4535.6,128.2509259225835,4376.3554425456305,4694.84455745437,3825.0,61.91526467681455,3748.122044911542,3901.877955088458,18432.0,0.0,18432.0,18432.0
aggregate,traj_rms_abs,layer3.0.conv2.weight,stage3,5.0,0.15157291022877833,0.012942921747340068,0.1355021502635376,0.16764367019401907,4343.6,239.0623349672633,4046.7649053446203,4640.43509465538,5977.0,147.0187062927708,5794.452165333773,6159.547834666227,36864.0,0.0,36864.0,36864.0
aggregate,traj_rms_abs,layer3.0.shortcut.0.weight,stage3,5.0,0.4825851036053887,0.011241305354031826,0.46862717945447213,0.49654302775630527,1622.0,34.978564864785405,1578.5683752985608,1665.4316247014392,933.0,18.547236990991408,909.9705635621328,956.0294364378672,2048.0,0.0,2048.0,2048.0
aggregate,traj_rms_abs,layer3.1.conv1.weight,stage3,5.0,0.15895327656497799,0.013512141987722909,0.14217573632020497,0.175730816809751,4242.2,295.5016074406364,3875.2862926296193,4609.11370737038,6521.2,109.84170428393762,6384.81351028929,6657.586489710709,36864.0,0.0,36864.0,36864.0
aggregate,traj_rms_abs,layer3.1.conv2.weight,stage3,5.0,0.13373825724898578,0.010967537616228975,0.1201202606419687,0.14735625385600284,2182.4,88.00170452894648,2073.1314517058418,2291.6685482941584,4686.0,87.64416694794924,4577.175393248171,4794.824606751829,36864.0,0.0,36864.0,36864.0
aggregate,traj_rms_abs,layer3.2.conv1.weight,stage3,5.0,0.10667764842762106,0.0035157996712691032,0.10231220655090958,0.11104309030433254,1348.6,97.65910095838483,1227.3402102430266,1469.8597897569732,4104.8,184.25172997830984,3876.021260279171,4333.578739720829,36864.0,0.0,36864.0,36864.0
aggregate,traj_rms_abs,layer3.2.conv2.weight,stage3,5.0,0.10543334635325337,0.00503126909613048,0.09918620065131295,0.11168049205519379,727.2,72.80590635381171,636.7995272238772,817.6004727761228,1595.6,104.61739817066757,1465.7003431057335,1725.4996568942663,36864.0,0.0,36864.0,36864.0
checkpoint,epoch_0,conv1.weight,stem,5.0,0.619205430522156,0.016921824040987195,0.5981942108265232,0.6402166502177888,342.6,5.412947441089743,335.8789380382297,349.32106196177034,307.0,12.609520212918492,291.3432127169964,322.6567872830036,432.0,0.0,432.0,432.0
checkpoint,epoch_0,fc.weight,head,5.0,0.6157615287693367,0.027012138137383766,0.5822215293296403,0.649301528209033,434.8,8.04363102087608,424.81251294654317,444.78748705345686,524.8,6.260990336999411,517.0259537054461,532.5740462945538,640.0,0.0,640.0,640.0
checkpoint,epoch_0,layer1.0.conv1.weight,stage1,5.0,0.2924469168452239,0.01265361212380894,0.27673538222385563,0.30815845146659215,1215.2,17.838161340227863,1193.0509972696889,1237.3490027303112,840.8,56.20676115913458,771.0100882130647,910.5899117869352,2304.0,0.0,2304.0,2304.0
checkpoint,epoch_0,layer1.0.conv2.weight,stage1,5.0,0.2835416398315277,0.010635601185101026,0.27033579674073444,0.29674748292232095,1213.4,19.932385707686876,1188.650674268454,1238.1493257315462,827.4,50.767115340543036,764.3643005889895,890.4356994110104,2304.0,0.0,2304.0,2304.0
checkpoint,epoch_0,layer1.1.conv1.weight,stage1,5.0,0.2868720980195696,0.01090326145691222,0.27333391080551894,0.30041028523362023,1224.6,32.35428874198905,1184.4268444815827,1264.773155518417,777.0,46.834816109385976,718.8468949744816,835.1531050255184,2304.0,0.0,2304.0,2304.0
checkpoint,epoch_0,layer1.1.conv2.weight,stage1,5.0,0.26758274075258087,0.014823302389831839,0.24917717984063883,0.28598830166452294,1213.2,6.610597552415364,1204.991859012552,1221.4081409874482,724.0,30.29026246172192,686.3896716051369,761.6103283948631,2304.0,0.0,2304.0,2304.0
checkpoint,epoch_0,layer1.2.conv1.weight,stage1,5.0,0.29647210375897604,0.012354820385623501,0.28113156808187334,0.31181263943607873,1233.4,14.741099009232657,1215.0965080662786,1251.7034919337216,801.6,51.553855335949414,737.5874338607465,865.6125661392535,2304.0,0.0,2304.0,2304.0
checkpoint,epoch_0,layer1.2.conv2.weight,stage1,5.0,0.26987616127029906,0.010196589212489185,0.25721542354067833,0.2825368989999198,1222.0,34.698703145794944,1178.9158695195067,1265.0841304804933,717.6,43.56948473415769,663.5013393853078,771.6986606146922,2304.0,0.0,2304.0,2304.0
checkpoint,epoch_0,layer2.0.conv1.weight,stage2,5.0,0.274780255279321,0.005217607569498176,0.2683017398035196,0.28125877075512234,2445.2,39.486706623875335,2396.1707779774997,2494.2292220225,1476.6,27.682124195949992,1442.2281029920834,1510.9718970079164,4608.0,0.0,4608.0,4608.0
checkpoint,epoch_0,layer2.0.conv2.weight,stage2,5.0,0.17465780914365708,0.0068353995993654165,0.1661705395477886,0.18314507873952557,3093.0,49.678969393496885,3031.315412236228,3154.684587763772,2237.2,54.627831734382426,2169.370588035484,2305.0294119645155,9216.0,0.0,9216.0,9216.0
checkpoint,epoch_0,layer2.0.shortcut.0.weight,stage2,5.0,0.5548481664476114,0.0203995353914639,0.5295187977719471,0.5801775351232756,426.4,9.396807968666806,414.73232184727215,438.0676781527278,297.2,3.420526275297414,292.9528556690532,301.4471443309468,512.0,0.0,512.0,512.0
checkpoint,epoch_0,layer2.1.conv1.weight,stage2,5.0,0.18695400675395163,0.0038506541597841414,0.18217278811421408,0.19173522539368917,3115.8,52.12676855512914,3051.0760681423963,3180.523931857604,2317.8,65.83084383478614,2236.060211238972,2399.5397887610284,9216.0,0.0,9216.0,9216.0
checkpoint,epoch_0,layer2.1.conv2.weight,stage2,5.0,0.18222499913617116,0.0071196177983942534,0.17338482603493424,0.19106517223740807,3117.4,43.25852517134628,3063.687446679348,3171.1125533206523,2072.8,82.4330030994868,1970.4459077875479,2175.1540922124523,9216.0,0.0,9216.0,9216.0
checkpoint,epoch_0,layer2.2.conv1.weight,stage2,5.0,0.18204508239721093,0.006550232910261272,0.17391189401269003,0.19017827078173183,3106.8,31.767908335299634,3067.3549319218214,3146.245068078179,2128.6,33.09531688925186,2087.506736509471,2169.693263490529,9216.0,0.0,9216.0,9216.0
checkpoint,epoch_0,layer2.2.conv2.weight,stage2,5.0,0.17096542524937558,0.004241481696569905,0.1656989301277045,0.17623192037104665,3063.8,28.577963538362912,3028.315771532435,3099.2842284675653,1836.0,27.230497608380205,1802.1888714665006,1869.8111285334994,9216.0,0.0,9216.0,9216.0
checkpoint,epoch_0,layer3.0.conv1.weight,stage3,5.0,0.17333128956920807,0.0036718276635558525,0.16877211335176212,0.17789046578665402,6152.4,41.05849485794627,6101.419145114453,6203.380854885546,3825.0,61.91526467681455,3748.122044911542,3901.877955088458,18432.0,0.0,18432.0,18432.0
checkpoint,epoch_0,layer3.0.conv2.weight,stage3,5.0,0.05482114221053871,0.001921340261675098,0.05243548317931734,0.05720680124176008,2270.4,59.11260440887375,2197.00200726544,2343.79799273456,5977.0,147.0187062927708,5794.452165333773,6159.547834666227,36864.0,0.0,36864.0,36864.0
checkpoint,epoch_0,layer3.0.shortcut.0.weight,stage3,5.0,0.45399276130472777,0.009579384050852693,0.4420983850038166,0.46588713760563893,1597.0,15.98436736314578,1577.1527865111186,1616.8472134888814,933.0,18.547236990991408,909.9705635621328,956.0294364378672,2048.0,0.0,2048.0,2048.0
checkpoint,epoch_0,layer3.1.conv1.weight,stage3,5.0,0.05411905135753231,0.0036954356504538123,0.04953056195268509,0.05870754076237953,2256.2,44.572412992791854,2200.8560394737806,2311.543960526219,6521.2,109.84170428393762,6384.81351028929,6657.586489710709,36864.0,0.0,36864.0,36864.0
checkpoint,epoch_0,layer3.1.conv2.weight,stage3,5.0,0.055953514274528715,0.0022439288791203985,0.053167308570795185,0.058739719978262245,2261.4,49.04895513667952,2200.4976782572735,2322.3023217427267,4686.0,87.64416694794924,4577.175393248171,4794.824606751829,36864.0,0.0,36864.0,36864.0
checkpoint,epoch_0,layer3.2.conv1.weight,stage3,5.0,0.05625802290338298,0.003280847834910687,0.052184312263189606,0.06033173354357635,2252.8,53.452782902296114,2186.4296038664174,2319.170396133583,4104.8,184.25172997830984,3876.021260279171,4333.578739720829,36864.0,0.0,36864.0,36864.0
checkpoint,epoch_0,layer3.2.conv2.weight,stage3,5.0,0.03730718808283256,0.00564733708942485,0.030295092933172875,0.04431928323249224,2271.2,55.09718686103674,2202.787806672345,2339.6121933276545,1595.6,104.61739817066757,1465.7003431057335,1725.4996568942663,36864.0,0.0,36864.0,36864.0
checkpoint,epoch_1,conv1.weight,stem,5.0,0.6542526632418934,0.015393178643805409,0.6351395075019611,0.6733658189818256,350.4,6.767569726275451,341.99695231555,358.80304768444995,307.0,12.609520212918492,291.3432127169964,322.6567872830036,432.0,0.0,432.0,432.0
checkpoint,epoch_1,fc.weight,head,5.0,0.6845708928306832,0.029856842381385734,0.6474987265456721,0.7216430591156943,461.0,12.90348790056394,444.97820362261183,477.02179637738817,524.8,6.260990336999411,517.0259537054461,532.5740462945538,640.0,0.0,640.0,640.0
checkpoint,epoch_1,layer1.0.conv1.weight,stage1,5.0,0.35296446918914476,0.007738239267263259,0.34335617608149727,0.36257276229679225,1289.8,17.79606698121807,1267.7032643197988,1311.8967356802011,840.8,56.20676115913458,771.0100882130647,910.5899117869352,2304.0,0.0,2304.0,2304.0
checkpoint,epoch_1,layer1.0.conv2.weight,stage1,5.0,0.32322501762032924,0.012791725861592362,0.30734199214309793,0.33910804309756054,1275.8,31.05962008782464,1237.2343879390617,1314.3656120609382,827.4,50.767115340543036,764.3643005889895,890.4356994110104,2304.0,0.0,2304.0,2304.0
checkpoint,epoch_1,layer1.1.conv1.weight,stage1,5.0,0.31851231878864394,0.008296707485662635,0.30821059580006893,0.32881404177721896,1209.2,20.55966925804012,1183.671798867315,1234.7282011326852,777.0,46.834816109385976,718.8468949744816,835.1531050255184,2304.0,0.0,2304.0,2304.0
checkpoint,epoch_1,layer1.1.conv2.weight,stage1,5.0,0.29761987002405627,0.015596121378447767,0.27825472759682157,0.31698501245129096,1192.2,16.037456157383563,1172.2868680666056,1212.1131319333945,724.0,30.29026246172192,686.3896716051369,761.6103283948631,2304.0,0.0,2304.0,2304.0
checkpoint,epoch_1,layer1.2.conv1.weight,stage1,5.0,0.31546297879377233,0.013571286829975299,0.2986120005276951,0.33231395705984956,1177.4,21.04281350010022,1151.2718960560094,1203.5281039439908,801.6,51.553855335949414,737.5874338607465,865.6125661392535,2304.0,0.0,2304.0,2304.0
checkpoint,epoch_1,layer1.2.conv2.weight,stage1,5.0,0.28510994074534557,0.01854140137274724,0.26208775018455943,0.3081321313061317,1168.2,30.301815127150384,1130.5753270763912,1205.824672923609,717.6,43.56948473415769,663.5013393853078,771.6986606146922,2304.0,0.0,2304.0,2304.0
checkpoint,epoch_1,layer2.0.conv1.weight,stage2,5.0,0.28947706312334975,0.008713467398138719,0.27865786435555867,0.30029626189114084,2288.2,47.8194521089483,2228.8243079024896,2347.57569209751,1476.6,27.682124195949992,1442.2281029920834,1510.9718970079164,4608.0,0.0,4608.0,4608.0
checkpoint,epoch_1,layer2.0.conv2.weight,stage2,5.0,0.1944073099044263,0.006856274734418107,0.18589412040490527,0.20292049940394735,2927.6,33.080205561634585,2886.5254997009383,2968.6745002990615,2237.2,54.627831734382426,2169.370588035484,2305.0294119645155,9216.0,0.0,9216.0,9216.0
checkpoint,epoch_1,layer2.0.shortcut.0.weight,stage2,5.0,0.5645292348693428,0.012577727741131957,0.5489119231539705,0.5801465465847151,419.0,15.748015748023622,399.44625580253313,438.55374419746687,297.2,3.420526275297414,292.9528556690532,301.4471443309468,512.0,0.0,512.0,512.0
checkpoint,epoch_1,layer2.1.conv1.weight,stage2,5.0,0.2010024824655107,0.005328767881417325,0.19438594323237024,0.20761902169865115,2816.2,56.45529204600753,2746.101496358393,2886.2985036416067,2317.8,65.83084383478614,2236.060211238972,2399.5397887610284,9216.0,0.0,9216.0,9216.0
checkpoint,epoch_1,layer2.1.conv2.weight,stage2,5.0,0.19687734079298355,0.009561059135649858,0.1850057178795499,0.2087489637064172,2783.2,57.04121317082939,2712.3739791919143,2854.0260208080854,2072.8,82.4330030994868,1970.4459077875479,2175.1540922124523,9216.0,0.0,9216.0,9216.0
checkpoint,epoch_1,layer2.2.conv1.weight,stage2,5.0,0.19430025898446993,0.009118893337558881,0.18297765742376287,0.20562286054517698,2642.2,39.289947823839114,2593.4150862958345,2690.984913704165,2128.6,33.09531688925186,2087.506736509471,2169.693263490529,9216.0,0.0,9216.0,9216.0
checkpoint,epoch_1,layer2.2.conv2.weight,stage2,5.0,0.19162668486686135,0.010322935528972139,0.17880906746475808,0.20444430226896462,2630.8,28.943047524405582,2594.862459890645,2666.7375401093555,1836.0,27.230497608380205,1802.1888714665006,1869.8111285334994,9216.0,0.0,9216.0,9216.0
checkpoint,epoch_1,layer3.0.conv1.weight,stage3,5.0,0.18273552023657405,0.005293946866609707,0.17616221700390114,0.18930882346924696,5133.0,78.42512352556417,5035.622347563623,5230.377652436377,3825.0,61.91526467681455,3748.122044911542,3901.877955088458,18432.0,0.0,18432.0,18432.0
checkpoint,epoch_1,layer3.0.conv2.weight,stage3,5.0,0.08654412556739402,0.0049083167454348825,0.08044964537280684,0.0926386057619812,3254.6,165.824606135519,3048.7015565452066,3460.4984434547932,5977.0,147.0187062927708,5794.452165333773,6159.547834666227,36864.0,0.0,36864.0,36864.0
checkpoint,epoch_1,layer3.0.shortcut.0.weight,stage3,5.0,0.4646771921490829,0.010015505156393843,0.45224129997256446,0.4771130843256013,1555.2,22.004544985070698,1527.8777486951826,1582.5222513048175,933.0,18.547236990991408,909.9705635621328,956.0294364378672,2048.0,0.0,2048.0,2048.0
checkpoint,epoch_1,layer3.1.conv1.weight,stage3,5.0,0.08797156941671971,0.0063379638520021705,0.08010194787977176,0.09584119095366767,2962.8,231.66290164806276,2675.1525153041807,3250.4474846958196,6521.2,109.84170428393762,6384.81351028929,6657.586489710709,36864.0,0.0,36864.0,36864.0
checkpoint,epoch_1,layer3.1.conv2.weight,stage3,5.0,0.09951052445222168,0.0030809579982512794,0.09568500982581513,0.10333603907862823,3006.6,91.2376018974633,2893.313554441472,3119.8864455585276,4686.0,87.64416694794924,4577.175393248171,4794.824606751829,36864.0,0.0,36864.0,36864.0
checkpoint,epoch_1,layer3.2.conv1.weight,stage3,5.0,0.0812024733055445,0.0013063476102870319,0.07958042850871157,0.08282451810237744,2292.2,66.78098531767856,2209.280454766464,2375.1195452335355,4104.8,184.25172997830984,3876.021260279171,4333.578739720829,36864.0,0.0,36864.0,36864.0
checkpoint,epoch_1,layer3.2.conv2.weight,stage3,5.0,0.06929910987258836,0.0008463528823329998,0.06824822396881948,0.07034999577635724,2693.4,211.0623130736513,2431.331524478835,2955.468475521165,1595.6,104.61739817066757,1465.7003431057335,1725.4996568942663,36864.0,0.0,36864.0,36864.0
checkpoint,epoch_10,conv1.weight,stem,5.0,0.7414602466585102,0.027131838279873546,0.7077716198613044,0.7751488734557159,356.6,8.44393273303382,346.1154727221376,367.08452727786243,307.0,12.609520212918492,291.3432127169964,322.6567872830036,432.0,0.0,432.0,432.0
checkpoint,epoch_10,fc.weight,head,5.0,0.7951941490586099,0.018696223070100156,0.7719797219700798,0.8184085761471399,539.8,13.535139452550904,522.9939046311,556.6060953688999,524.8,6.260990336999411,517.0259537054461,532.5740462945538,640.0,0.0,640.0,640.0
checkpoint,epoch_10,layer1.0.conv1.weight,stage1,5.0,0.43119727603779234,0.021692221288382673,0.40426282582293827,0.4581317262526464,1192.4,72.83749034666145,1101.9603105170363,1282.8396894829639,840.8,56.20676115913458,771.0100882130647,910.5899117869352,2304.0,0.0,2304.0,2304.0
checkpoint,epoch_10,layer1.0.conv2.weight,stage1,5.0,0.39998273867890993,0.006763573649482441,0.39158465277914795,0.4083808245786719,1199.8,66.50338337257737,1117.2251431075276,1282.3748568924723,827.4,50.767115340543036,764.3643005889895,890.4356994110104,2304.0,0.0,2304.0,2304.0
checkpoint,epoch_10,layer1.1.conv1.weight,stage1,5.0,0.3902532215960605,0.029598916473407115,0.3535013126251905,0.4270051305669305,1099.6,84.98411616296308,994.0782825412819,1205.121717458718,777.0,46.834816109385976,718.8468949744816,835.1531050255184,2304.0,0.0,2304.0,2304.0
checkpoint,epoch_10,layer1.1.conv2.weight,stage1,5.0,0.3546955833104483,0.016989686864025386,0.3336001007906325,0.3757910658302641,1097.8,56.72477412912281,1027.3668901576277,1168.2331098423722,724.0,30.29026246172192,686.3896716051369,761.6103283948631,2304.0,0.0,2304.0,2304.0
checkpoint,epoch_10,layer1.2.conv1.weight,stage1,5.0,0.38358243757467925,0.03261004114484131,0.34309172350518624,0.42407315164417225,1055.6,71.70285907828222,966.5691413142188,1144.630858685781,801.6,51.553855335949414,737.5874338607465,865.6125661392535,2304.0,0.0,2304.0,2304.0
checkpoint,epoch_10,layer1.2.conv2.weight,stage1,5.0,0.34289801567996053,0.022089006346615474,0.3154708917432736,0.3703251396166475,1016.4,42.27647099747092,963.9068279913347,1068.8931720086653,717.6,43.56948473415769,663.5013393853078,771.6986606146922,2304.0,0.0,2304.0,2304.0
checkpoint,epoch_10,layer2.0.conv1.weight,stage2,5.0,0.35349495614319293,0.015832588159688184,0.3338362014269209,0.37315371085946497,2020.6,62.743924008624134,1942.6931284524583,2098.5068715475413,1476.6,27.682124195949992,1442.2281029920834,1510.9718970079164,4608.0,0.0,4608.0,4608.0
checkpoint,epoch_10,layer2.0.conv2.weight,stage2,5.0,0.267218431226753,0.01679339013977761,0.246366683282401,0.28807017917110495,3164.6,103.66436224662745,3035.883693501609,3293.316306498391,2237.2,54.627831734382426,2169.370588035484,2305.0294119645155,9216.0,0.0,9216.0,9216.0
checkpoint,epoch_10,layer2.0.shortcut.0.weight,stage2,5.0,0.579450420566521,0.02310685954259506,0.5507594649609295,0.6081413761721124,377.4,12.501999840025594,361.87671689309093,392.923283106909,297.2,3.420526275297414,292.9528556690532,301.4471443309468,512.0,0.0,512.0,512.0
checkpoint,epoch_10,layer2.1.conv1.weight,stage2,5.0,0.2674790153352703,0.015974095830979355,0.24764455563808635,0.28731347503245425,3051.2,122.3118963960579,2899.329721692986,3203.0702783070137,2317.8,65.83084383478614,2236.060211238972,2399.5397887610284,9216.0,0.0,9216.0,9216.0
checkpoint,epoch_10,layer2.1.conv2.weight,stage2,5.0,0.24582883700143582,0.016255421362788465,0.22564506551962898,0.26601260848324265,2761.8,52.04036894565602,2697.183347426938,2826.4166525730625,2072.8,82.4330030994868,1970.4459077875479,2175.1540922124523,9216.0,0.0,9216.0,9216.0
checkpoint,epoch_10,layer2.2.conv1.weight,stage2,5.0,0.24066855371092194,0.01100816292465114,0.22700011412102114,0.25433699330082277,2445.0,90.76618313006227,2332.2988981530316,2557.7011018469684,2128.6,33.09531688925186,2087.506736509471,2169.693263490529,9216.0,0.0,9216.0,9216.0
checkpoint,epoch_10,layer2.2.conv2.weight,stage2,5.0,0.21792592907117037,0.012470378187395846,0.2024419094318954,0.23340994871044532,2181.0,81.35416399914635,2079.985463458295,2282.014536541705,1836.0,27.230497608380205,1802.1888714665006,1869.8111285334994,9216.0,0.0,9216.0,9216.0
checkpoint,epoch_10,layer3.0.conv1.weight,stage3,5.0,0.23193586561681126,0.021687528354506647,0.20500724244899698,0.25886448878462553,4376.4,101.61348335727891,4250.230195983188,4502.569804016811,3825.0,61.91526467681455,3748.122044911542,3901.877955088458,18432.0,0.0,18432.0,18432.0
checkpoint,epoch_10,layer3.0.conv2.weight,stage3,5.0,0.15971935180685987,0.0106596250857873,0.14648367910348803,0.1729550245102317,5563.0,244.39926350134527,5259.538233322864,5866.461766677136,5977.0,147.0187062927708,5794.452165333773,6159.547834666227,36864.0,0.0,36864.0,36864.0
checkpoint,epoch_10,layer3.0.shortcut.0.weight,stage3,5.0,0.49726222634628725,0.014889898062482178,0.4787739759851791,0.5157504767073954,1266.4,36.596447915064104,1220.9595081617258,1311.8404918382744,933.0,18.547236990991408,909.9705635621328,956.0294364378672,2048.0,0.0,2048.0,2048.0
checkpoint,epoch_10,layer3.1.conv1.weight,stage3,5.0,0.16635589713713173,0.011728266990188738,0.15179333025409272,0.18091846402017073,5425.4,366.7264648208525,4970.048951443407,5880.751048556593,6521.2,109.84170428393762,6384.81351028929,6657.586489710709,36864.0,0.0,36864.0,36864.0
checkpoint,epoch_10,layer3.1.conv2.weight,stage3,5.0,0.14365699887817468,0.012074168277241107,0.1286649388200704,0.15864905893627895,2790.4,143.9003127168249,2611.724162369255,2969.0758376307454,4686.0,87.64416694794924,4577.175393248171,4794.824606751829,36864.0,0.0,36864.0,36864.0
checkpoint,epoch_10,layer3.2.conv1.weight,stage3,5.0,0.11972500431890147,0.0036646277308898523,0.11517476799863638,0.12427524063916656,1740.8,140.20235376055567,1566.7157848720894,1914.8842151279105,4104.8,184.25172997830984,3876.021260279171,4333.578739720829,36864.0,0.0,36864.0,36864.0
checkpoint,epoch_10,layer3.2.conv2.weight,stage3,5.0,0.11231198530331736,0.004068319180985013,0.10726049984308644,0.11736347076354828,807.0,96.15352307638031,687.6096320956035,926.3903679043965,1595.6,104.61739817066757,1465.7003431057335,1725.4996568942663,36864.0,0.0,36864.0,36864.0
checkpoint,epoch_2,conv1.weight,stem,5.0,0.6805125284673778,0.0301572422929893,0.643067366427065,0.7179576905076905,358.2,9.418067742376882,346.5059243516464,369.8940756483536,307.0,12.609520212918492,291.3432127169964,322.6567872830036,432.0,0.0,432.0,432.0
checkpoint,epoch_2,fc.weight,head,5.0,0.7251735951422117,0.014224429663006487,0.7075116329346748,0.7428355573497486,492.0,3.9370039370059056,487.1115639506333,496.8884360493667,524.8,6.260990336999411,517.0259537054461,532.5740462945538,640.0,0.0,640.0,640.0
checkpoint,epoch_2,layer1.0.conv1.weight,stage1,5.0,0.37079492252809537,0.017077713548483104,0.3495901404433072,0.3919997046128835,1321.0,27.046256672597043,1287.4176368034578,1354.5823631965422,840.8,56.20676115913458,771.0100882130647,910.5899117869352,2304.0,0.0,2304.0,2304.0
checkpoint,epoch_2,layer1.0.conv2.weight,stage1,5.0,0.34521860478041355,0.016900941878529415,0.32423331371410924,0.36620389584671786,1284.2,45.24046860942092,1228.0265388658145,1340.3734611341856,827.4,50.767115340543036,764.3643005889895,890.4356994110104,2304.0,0.0,2304.0,2304.0
checkpoint,epoch_2,layer1.1.conv1.weight,stage1,5.0,0.33266703245146767,0.015963246511259226,0.3128460439639852,0.35248802093895015,1212.8,44.43759669469086,1157.6234360175035,1267.9765639824964,777.0,46.834816109385976,718.8468949744816,835.1531050255184,2304.0,0.0,2304.0,2304.0
checkpoint,epoch_2,layer1.1.conv2.weight,stage1,5.0,0.30941169171778865,0.0127141827125304,0.2936249487770549,0.3251984346585224,1192.0,22.01136070305514,1164.6692858635392,1219.3307141364608,724.0,30.29026246172192,686.3896716051369,761.6103283948631,2304.0,0.0,2304.0,2304.0
checkpoint,epoch_2,layer1.2.conv1.weight,stage1,5.0,0.33064138362300693,0.014552158205444397,0.3125724926831411,0.3487102745628728,1151.0,26.767517628648346,1117.7637370392226,1184.2362629607774,801.6,51.553855335949414,737.5874338607465,865.6125661392535,2304.0,0.0,2304.0,2304.0
checkpoint,epoch_2,layer1.2.conv2.weight,stage1,5.0,0.29554630333684956,0.01654382161083167,0.27500443564997445,0.31608817102372466,1145.6,18.13284313062902,1123.0851014996215,1168.1148985003783,717.6,43.56948473415769,663.5013393853078,771.6986606146922,2304.0,0.0,2304.0,2304.0
checkpoint,epoch_2,layer2.0.conv1.weight,stage2,5.0,0.31277029781176535,0.007305724845300377,0.3036990422905731,0.3218415533329576,2200.2,46.418746213141084,2142.5635139853853,2257.8364860146144,1476.6,27.682124195949992,1442.2281029920834,1510.9718970079164,4608.0,0.0,4608.0,4608.0
checkpoint,epoch_2,layer2.0.conv2.weight,stage2,5.0,0.2118825969021531,0.00952742906155388,0.20005273124098136,0.22371246256332486,2978.6,59.82725131576746,2904.3146559297224,3052.8853440702774,2237.2,54.627831734382426,2169.370588035484,2305.0294119645155,9216.0,0.0,9216.0,9216.0
checkpoint,epoch_2,layer2.0.shortcut.0.weight,stage2,5.0,0.5717256926161106,0.01298698078130972,0.5556002261345941,0.5878511590976271,418.2,10.52140675005011,405.1359480280047,431.2640519719953,297.2,3.420526275297414,292.9528556690532,301.4471443309468,512.0,0.0,512.0,512.0
checkpoint,epoch_2,layer2.1.conv1.weight,stage2,5.0,0.2178623400588619,0.003617805127800258,0.21337024167915536,0.22235443843856845,2839.2,66.73604723086316,2756.336252771011,2922.0637472289886,2317.8,65.83084383478614,2236.060211238972,2399.5397887610284,9216.0,0.0,9216.0,9216.0
checkpoint,epoch_2,layer2.1.conv2.weight,stage2,5.0,0.20648624778924612,0.010253655258453648,0.19375465320483148,0.21921784237366077,2735.6,69.44998200143755,2649.366457672915,2821.8335423270846,2072.8,82.4330030994868,1970.4459077875479,2175.1540922124523,9216.0,0.0,9216.0,9216.0
checkpoint,epoch_2,layer2.2.conv1.weight,stage2,5.0,0.20837512759619906,0.008333867049168308,0.1980272649154301,0.218722990276968,2514.8,52.07398582785842,2450.1416065545754,2579.458393445425,2128.6,33.09531688925186,2087.506736509471,2169.693263490529,9216.0,0.0,9216.0,9216.0
checkpoint,epoch_2,layer2.2.conv2.weight,stage2,5.0,0.19851508453933478,0.009369254091027315,0.1868816190444828,0.21014855003418675,2515.6,57.037706826274146,2444.778332893714,2586.421667106286,1836.0,27.230497608380205,1802.1888714665006,1869.8111285334994,9216.0,0.0,9216.0,9216.0
checkpoint,epoch_2,layer3.0.conv1.weight,stage3,5.0,0.196992334446727,0.009856651277103457,0.18475368541309847,0.20923098348035554,4726.4,107.08081060582236,4593.441612572274,4859.358387427726,3825.0,61.91526467681455,3748.122044911542,3901.877955088458,18432.0,0.0,18432.0,18432.0
checkpoint,epoch_2,layer3.0.conv2.weight,stage3,5.0,0.10546482607634464,0.006689379223316235,0.09715886472442059,0.11377078742826868,3807.4,246.8548156305645,3500.8892626483,4113.9107373517,5977.0,147.0187062927708,5794.452165333773,6159.547834666227,36864.0,0.0,36864.0,36864.0
checkpoint,epoch_2,layer3.0.shortcut.0.weight,stage3,5.0,0.47173256420450116,0.008152603136336178,0.4616097703984694,0.4818553580105329,1511.8,20.216330032921405,1486.6981108223158,1536.901889177684,933.0,18.547236990991408,909.9705635621328,956.0294364378672,2048.0,0.0,2048.0,2048.0
checkpoint,epoch_2,layer3.1.conv1.weight,stage3,5.0,0.10611972859867111,0.004175722975809838,0.10093488371313573,0.11130457348420648,3489.0,157.01751494658168,3294.0370046034077,3683.9629953965923,6521.2,109.84170428393762,6384.81351028929,6657.586489710709,36864.0,0.0,36864.0,36864.0
checkpoint,epoch_2,layer3.1.conv2.weight,stage3,5.0,0.11361047147651707,0.0033727631210298237,0.10942263293466496,0.11779831001836917,3065.4,118.16429240680112,2918.6796522452523,3212.120347754748,4686.0,87.64416694794924,4577.175393248171,4794.824606751829,36864.0,0.0,36864.0,36864.0
checkpoint,epoch_2,layer3.2.conv1.weight,stage3,5.0,0.09152979131523552,0.004690897338753515,0.08570527297043543,0.09735430966003561,2261.6,137.79078343633873,2090.5101449228064,2432.6898550771934,4104.8,184.25172997830984,3876.021260279171,4333.578739720829,36864.0,0.0,36864.0,36864.0
checkpoint,epoch_2,layer3.2.conv2.weight,stage3,5.0,0.0821363841089251,0.004676390547424078,0.07632987832464821,0.08794288989320198,2308.4,245.75658689036192,2003.252893736802,2613.547106263198,1595.6,104.61739817066757,1465.7003431057335,1725.4996568942663,36864.0,0.0,36864.0,36864.0
checkpoint,epoch_20,conv1.weight,stem,5.0,0.7286825463191737,0.023553226356440506,0.6994373531108374,0.75792773952751,342.6,3.361547262794322,338.4260877855279,346.77391221447215,307.0,12.609520212918492,291.3432127169964,322.6567872830036,432.0,0.0,432.0,432.0
checkpoint,epoch_20,fc.weight,head,5.0,0.8240690394427675,0.018791281760074576,0.8007365814011799,0.8474014974843552,545.6,13.867227552759058,528.3815627928398,562.8184372071603,524.8,6.260990336999411,517.0259537054461,532.5740462945538,640.0,0.0,640.0,640.0
checkpoint,epoch_20,layer1.0.conv1.weight,stage1,5.0,0.4371416157117839,0.027548438566173443,0.40293571133743816,0.4713475200861296,1131.6,67.33721110946011,1047.9898092259366,1215.2101907740632,840.8,56.20676115913458,771.0100882130647,910.5899117869352,2304.0,0.0,2304.0,2304.0
checkpoint,epoch_20,layer1.0.conv2.weight,stage1,5.0,0.4064061148583432,0.01408035880204614,0.388923040252051,0.42388918946463544,1147.6,92.07768459295662,1033.270454002964,1261.9295459970358,827.4,50.767115340543036,764.3643005889895,890.4356994110104,2304.0,0.0,2304.0,2304.0
checkpoint,epoch_20,layer1.1.conv1.weight,stage1,5.0,0.3872405177908167,0.02215023201423043,0.3597373721468863,0.4147436634347471,1044.2,92.84233947935608,928.9210095594714,1159.4789904405288,777.0,46.834816109385976,718.8468949744816,835.1531050255184,2304.0,0.0,2304.0,2304.0
checkpoint,epoch_20,layer1.1.conv2.weight,stage1,5.0,0.35138038790649195,0.024312771799518882,0.32119209446648556,0.38156868134649835,1028.8,66.07344398470539,946.758983366858,1110.8410166331419,724.0,30.29026246172192,686.3896716051369,761.6103283948631,2304.0,0.0,2304.0,2304.0
checkpoint,epoch_20,layer1.2.conv1.weight,stage1,5.0,0.3864943067086286,0.037280533465534206,0.3402044104706441,0.43278420294661313,1027.2,61.344926440578604,951.0302133662752,1103.3697866337247,801.6,51.553855335949414,737.5874338607465,865.6125661392535,2304.0,0.0,2304.0,2304.0
checkpoint,epoch_20,layer1.2.conv2.weight,stage1,5.0,0.35435961811258077,0.026479877053779657,0.3214805080980405,0.387238728127121,962.4,40.07243441569279,912.6435008656526,1012.1564991343473,717.6,43.56948473415769,663.5013393853078,771.6986606146922,2304.0,0.0,2304.0,2304.0
checkpoint,epoch_20,layer2.0.conv1.weight,stage2,5.0,0.35614331819005834,0.021058765800625087,0.32999540684881745,0.38229122953129924,1924.2,75.6088619144608,1830.319198215654,2018.080801784346,1476.6,27.682124195949992,1442.2281029920834,1510.9718970079164,4608.0,0.0,4608.0,4608.0
checkpoint,epoch_20,layer2.0.conv2.weight,stage2,5.0,0.27516310075014444,0.021344893926504033,0.24865991441612614,0.3016662870841627,3088.8,107.06633457814833,2955.8595869346746,3221.740413065326,2237.2,54.627831734382426,2169.370588035484,2305.0294119645155,9216.0,0.0,9216.0,9216.0
checkpoint,epoch_20,layer2.0.shortcut.0.weight,stage2,5.0,0.5830563530633788,0.0332923303045462,0.5417184651079155,0.624394241018842,354.0,10.88577052853862,340.48353064200603,367.51646935799397,297.2,3.420526275297414,292.9528556690532,301.4471443309468,512.0,0.0,512.0,512.0
checkpoint,epoch_20,layer2.1.conv1.weight,stage2,5.0,0.26811021265791385,0.018526412501010888,0.24510663323953644,0.2911137920762913,3020.8,76.94283592382074,2925.2628507136924,3116.337149286308,2317.8,65.83084383478614,2236.060211238972,2399.5397887610284,9216.0,0.0,9216.0,9216.0
checkpoint,epoch_20,layer2.1.conv2.weight,stage2,5.0,0.2399438766325491,0.022688977001134036,0.21177179073416771,0.2681159625309305,2681.6,47.33708905287692,2622.823240743277,2740.376759256723,2072.8,82.4330030994868,1970.4459077875479,2175.1540922124523,9216.0,0.0,9216.0,9216.0
checkpoint,epoch_20,layer2.2.conv1.weight,stage2,5.0,0.23446882347900083,0.014982238461238228,0.21586591736917754,0.2530717295888241,2465.6,97.54639921596286,2344.4801479391267,2586.719852060873,2128.6,33.09531688925186,2087.506736509471,2169.693263490529,9216.0,0.0,9216.0,9216.0
checkpoint,epoch_20,layer2.2.conv2.weight,stage2,5.0,0.2101084204163374,0.01792485277180153,0.18785177605648845,0.23236506477618635,2069.2,61.406025762949355,1992.9543485373727,2145.445651462627,1836.0,27.230497608380205,1802.1888714665006,1869.8111285334994,9216.0,0.0,9216.0,9216.0
checkpoint,epoch_20,layer3.0.conv1.weight,stage3,5.0,0.2268533738870553,0.023463206474052364,0.19771995512580293,0.25598679264830765,4402.8,75.84655562383831,4308.624062494121,4496.975937505879,3825.0,61.91526467681455,3748.122044911542,3901.877955088458,18432.0,0.0,18432.0,18432.0
checkpoint,epoch_20,layer3.0.conv2.weight,stage3,5.0,0.16235422079887604,0.01274504640579877,0.1465291555213594,0.1781792860763927,6209.6,252.62679984514708,5895.922397650852,6523.277602349149,5977.0,147.0187062927708,5794.452165333773,6159.547834666227,36864.0,0.0,36864.0,36864.0
checkpoint,epoch_20,layer3.0.shortcut.0.weight,stage3,5.0,0.4792978749747068,0.022464802360868057,0.4514041386564539,0.5071916112929596,1169.4,36.51438072869373,1124.0614080324756,1214.7385919675246,933.0,18.547236990991408,909.9705635621328,956.0294364378672,2048.0,0.0,2048.0,2048.0
checkpoint,epoch_20,layer3.1.conv1.weight,stage3,5.0,0.1711758039242166,0.01324303202331778,0.15473240783380335,0.18761920001462987,6178.4,249.03373265483535,5869.183779824189,6487.616220175811,6521.2,109.84170428393762,6384.81351028929,6657.586489710709,36864.0,0.0,36864.0,36864.0
checkpoint,epoch_20,layer3.1.conv2.weight,stage3,5.0,0.13969135723581375,0.014489487536232765,0.12170028220965133,0.15768243226197617,2707.6,143.3101531643868,2529.6569422387133,2885.5430577612865,4686.0,87.64416694794924,4577.175393248171,4794.824606751829,36864.0,0.0,36864.0,36864.0
checkpoint,epoch_20,layer3.2.conv1.weight,stage3,5.0,0.11991384054689073,0.0020674178715086424,0.1173468022065954,0.12248087888718608,1556.6,121.47756994606041,1405.7656748086968,1707.434325191303,4104.8,184.25172997830984,3876.021260279171,4333.578739720829,36864.0,0.0,36864.0,36864.0
checkpoint,epoch_20,layer3.2.conv2.weight,stage3,5.0,0.10478075094110931,0.006928817454134698,0.09617748775818438,0.11338401412403423,470.4,28.04104135013534,435.58244848339376,505.2175515166062,1595.6,104.61739817066757,1465.7003431057335,1725.4996568942663,36864.0,0.0,36864.0,36864.0
checkpoint,epoch_30,conv1.weight,stem,5.0,0.7295035680132124,0.029003019587904414,0.6934915627517129,0.7655155732747119,340.8,3.271085446759225,336.7384109657108,344.86158903428924,307.0,12.609520212918492,291.3432127169964,322.6567872830036,432.0,0.0,432.0,432.0
checkpoint,epoch_30,fc.weight,head,5.0,0.8313479737500797,0.01923535810800531,0.8074641220948127,0.8552318254053468,550.6,14.976648490233053,532.0040347559249,569.1959652440752,524.8,6.260990336999411,517.0259537054461,532.5740462945538,640.0,0.0,640.0,640.0
checkpoint,epoch_30,layer1.0.conv1.weight,stage1,5.0,0.43381209819621197,0.023935006296000386,0.4040928625816878,0.46353133381073613,1125.2,68.24001758499188,1040.4688269279236,1209.9311730720765,840.8,56.20676115913458,771.0100882130647,910.5899117869352,2304.0,0.0,2304.0,2304.0
checkpoint,epoch_30,layer1.0.conv2.weight,stage1,5.0,0.4042650140839605,0.01651159365193069,0.3837631626933883,0.4247668654745327,1138.6,93.72726390970772,1022.2222307531727,1254.9777692468272,827.4,50.767115340543036,764.3643005889895,890.4356994110104,2304.0,0.0,2304.0,2304.0
checkpoint,epoch_30,layer1.1.conv1.weight,stage1,5.0,0.3819674249964758,0.021344917354771734,0.355464209572421,0.4084706404205306,1039.0,96.4157663455516,919.2840140695023,1158.7159859304977,777.0,46.834816109385976,718.8468949744816,835.1531050255184,2304.0,0.0,2304.0,2304.0
checkpoint,epoch_30,layer1.1.conv2.weight,stage1,5.0,0.3511193560808282,0.02151256772080553,0.32440797523298354,0.3778307369286729,1027.6,65.86197689107122,945.8215544438283,1109.3784455561715,724.0,30.29026246172192,686.3896716051369,761.6103283948631,2304.0,0.0,2304.0,2304.0
checkpoint,epoch_30,layer1.2.conv1.weight,stage1,5.0,0.3862525103678082,0.03818986253922282,0.3388335329565046,0.43367148777911185,1023.8,64.62739357269486,943.5544921030393,1104.0455078969605,801.6,51.553855335949414,737.5874338607465,865.6125661392535,2304.0,0.0,2304.0,2304.0
checkpoint,epoch_30,layer1.2.conv2.weight,stage1,5.0,0.3551410895053445,0.031674312046594114,0.31581223656921675,0.39446994244147227,957.4,41.337634184844205,906.0725478617617,1008.7274521382383,717.6,43.56948473415769,663.5013393853078,771.6986606146922,2304.0,0.0,2304.0,2304.0
checkpoint,epoch_30,layer2.0.conv1.weight,stage2,5.0,0.35515472266689924,0.02177938613818106,0.32811204299614166,0.3821974023376568,1910.0,81.32957641596322,1809.0159929751364,2010.9840070248636,1476.6,27.682124195949992,1442.2281029920834,1510.9718970079164,4608.0,0.0,4608.0,4608.0
checkpoint,epoch_30,layer2.0.conv2.weight,stage2,5.0,0.27220859689399896,0.022011692217294893,0.24487747112824185,0.29953972265975604,3070.8,110.23474951212073,2933.9254801797897,3207.6745198202107,2237.2,54.627831734382426,2169.370588035484,2305.0294119645155,9216.0,0.0,9216.0,9216.0
checkpoint,epoch_30,layer2.0.shortcut.0.weight,stage2,5.0,0.5836282578974719,0.03808710640387211,0.5363368690800278,0.630919646714916,351.0,9.695359714832659,338.9616208924572,363.0383791075428,297.2,3.420526275297414,292.9528556690532,301.4471443309468,512.0,0.0,512.0,512.0
checkpoint,epoch_30,layer2.1.conv1.weight,stage2,5.0,0.2674705555908604,0.01764685712439454,0.24555908841805407,0.28938202276366676,3016.0,85.17628778010932,2910.239669962795,3121.760330037205,2317.8,65.83084383478614,2236.060211238972,2399.5397887610284,9216.0,0.0,9216.0,9216.0
checkpoint,epoch_30,layer2.1.conv2.weight,stage2,5.0,0.2374664447515576,0.024655880248944616,0.20685212590241975,0.26808076360069544,2669.6,53.09708089904755,2603.6712662379396,2735.5287337620603,2072.8,82.4330030994868,1970.4459077875479,2175.1540922124523,9216.0,0.0,9216.0,9216.0
checkpoint,epoch_30,layer2.2.conv1.weight,stage2,5.0,0.2319520564449585,0.015502733057370058,0.2127028709338587,0.2512012419560583,2466.8,91.6307808544705,2353.0253582857054,2580.574641714295,2128.6,33.09531688925186,2087.506736509471,2169.693263490529,9216.0,0.0,9216.0,9216.0
checkpoint,epoch_30,layer2.2.conv2.weight,stage2,5.0,0.20732019405725338,0.019601688779272017,0.18298148279603657,0.2316589053184702,2054.2,39.277219860881196,2005.4308901492097,2102.96910985079,1836.0,27.230497608380205,1802.1888714665006,1869.8111285334994,9216.0,0.0,9216.0,9216.0
checkpoint,epoch_30,layer3.0.conv1.weight,stage3,5.0,0.22573344359210754,0.02369013992878768,0.19631824973012232,0.2551486374540927,4401.0,86.43783893642876,4293.673247310101,4508.326752689899,3825.0,61.91526467681455,3748.122044911542,3901.877955088458,18432.0,0.0,18432.0,18432.0
checkpoint,epoch_30,layer3.0.conv2.weight,stage3,5.0,0.1608090423457706,0.01297811166391311,0.1446945883280213,0.1769234963635199,6240.0,256.147418491774,5921.950972225931,6558.049027774069,5977.0,147.0187062927708,5794.452165333773,6159.547834666227,36864.0,0.0,36864.0,36864.0
checkpoint,epoch_30,layer3.0.shortcut.0.weight,stage3,5.0,0.47500148996188063,0.0215821117194227,0.4482037588346619,0.5017992210890994,1153.4,34.077852044986635,1111.0867579796256,1195.7132420203745,933.0,18.547236990991408,909.9705635621328,956.0294364378672,2048.0,0.0,2048.0,2048.0
checkpoint,epoch_30,layer3.1.conv1.weight,stage3,5.0,0.1703012690204571,0.012982942094765646,0.1541808172306224,0.18642172081029182,6274.6,268.6415827827107,5941.037418238232,6608.162581761769,6521.2,109.84170428393762,6384.81351028929,6657.586489710709,36864.0,0.0,36864.0,36864.0
checkpoint,epoch_30,layer3.1.conv2.weight,stage3,5.0,0.13838908366540054,0.014111124671318236,0.12086780818685972,0.15591035914394136,2712.6,143.93158096818084,2533.885337707259,2891.3146622927406,4686.0,87.64416694794924,4577.175393248171,4794.824606751829,36864.0,0.0,36864.0,36864.0
checkpoint,epoch_30,layer3.2.conv1.weight,stage3,5.0,0.11979949380203059,0.0036978821260694396,0.11520796669648896,0.12439102090757222,1555.6,109.14806457285444,1420.0747777462666,1691.1252222537332,4104.8,184.25172997830984,3876.021260279171,4333.578739720829,36864.0,0.0,36864.0,36864.0
checkpoint,epoch_30,layer3.2.conv2.weight,stage3,5.0,0.10480281180222928,0.007989345114806395,0.09488272960394904,0.11472289400050951,450.4,26.23547217032695,417.82435873022814,482.9756412697718,1595.6,104.61739817066757,1465.7003431057335,1725.4996568942663,36864.0,0.0,36864.0,36864.0
checkpoint,epoch_5,conv1.weight,stem,5.0,0.7077991401787547,0.04131662730759764,0.656497771523708,0.7591005088338013,358.0,8.94427190999916,346.8942195792088,369.1057804207912,307.0,12.609520212918492,291.3432127169964,322.6567872830036,432.0,0.0,432.0,432.0
checkpoint,epoch_5,fc.weight,head,5.0,0.7690430368938619,0.01900296062583099,0.7454477448254838,0.79263832896224,523.2,10.03493896344168,510.7399775649223,535.6600224350778,524.8,6.260990336999411,517.0259537054461,532.5740462945538,640.0,0.0,640.0,640.0
checkpoint,epoch_5,layer1.0.conv1.weight,stage1,5.0,0.3979694898808846,0.015109965220336084,0.37920799005268224,0.41673098970908695,1285.4,52.32876837839775,1220.4252522342,1350.3747477658003,840.8,56.20676115913458,771.0100882130647,910.5899117869352,2304.0,0.0,2304.0,2304.0
checkpoint,epoch_5,layer1.0.conv2.weight,stage1,5.0,0.3749027609045653,0.007144519678230251,0.36603166803564846,0.38377385377348217,1269.4,44.15087768097028,1214.579444694441,1324.2205553055592,827.4,50.767115340543036,764.3643005889895,890.4356994110104,2304.0,0.0,2304.0,2304.0
checkpoint,epoch_5,layer1.1.conv1.weight,stage1,5.0,0.3693269660812887,0.01452719840550526,0.35128906682640965,0.3873648653361677,1172.8,63.73146789459662,1093.6669307626,1251.9330692373999,777.0,46.834816109385976,718.8468949744816,835.1531050255184,2304.0,0.0,2304.0,2304.0
checkpoint,epoch_5,layer1.1.conv2.weight,stage1,5.0,0.34095318140710945,0.010876542916182518,0.3274481696431674,0.3544581931710515,1159.0,31.47220996371243,1119.9220899441484,1198.0779100558516,724.0,30.29026246172192,686.3896716051369,761.6103283948631,2304.0,0.0,2304.0,2304.0
checkpoint,epoch_5,layer1.2.conv1.weight,stage1,5.0,0.35440867946058374,0.02177602600138021,0.3273701719507208,0.38144718697044666,1094.8,54.92449362533987,1026.6022336458432,1162.9977663541567,801.6,51.553855335949414,737.5874338607465,865.6125661392535,2304.0,0.0,2304.0,2304.0
checkpoint,epoch_5,layer1.2.conv2.weight,stage1,5.0,0.3275547717809217,0.018043831778641477,0.3051503954717375,0.34995914809010586,1080.6,25.08585258666725,1049.4517999788884,1111.7482000211114,717.6,43.56948473415769,663.5013393853078,771.6986606146922,2304.0,0.0,2304.0,2304.0
checkpoint,epoch_5,layer2.0.conv1.weight,stage2,5.0,0.3397646240279001,0.012266706464515189,0.32453349623437816,0.354995751821422,2105.2,52.3325902282698,2040.220506780807,2170.179493219193,1476.6,27.682124195949992,1442.2281029920834,1510.9718970079164,4608.0,0.0,4608.0,4608.0
checkpoint,epoch_5,layer2.0.conv2.weight,stage2,5.0,0.25112341650042674,0.009788065144880793,0.23896992839795514,0.2632769046028984,3157.8,54.5820483309302,3090.027435639266,3225.5725643607343,2237.2,54.627831734382426,2169.370588035484,2305.0294119645155,9216.0,0.0,9216.0,9216.0
checkpoint,epoch_5,layer2.0.shortcut.0.weight,stage2,5.0,0.5653231961635804,0.014222871375933777,0.5476631688250005,0.5829832235021603,399.4,13.390294993016397,382.77375278184337,416.0262472181566,297.2,3.420526275297414,292.9528556690532,301.4471443309468,512.0,0.0,512.0,512.0
checkpoint,epoch_5,layer2.1.conv1.weight,stage2,5.0,0.2532804096926936,0.009998948836508243,0.24086507490251988,0.2656957444828673,3031.6,94.88835544997077,2913.780545189009,3149.419454810991,2317.8,65.83084383478614,2236.060211238972,2399.5397887610284,9216.0,0.0,9216.0,9216.0
checkpoint,epoch_5,layer2.1.conv2.weight,stage2,5.0,0.23646882988450285,0.012008251731258636,0.22155861602843097,0.25137904374057474,2782.6,61.30497532827168,2706.4798192241146,2858.720180775885,2072.8,82.4330030994868,1970.4459077875479,2175.1540922124523,9216.0,0.0,9216.0,9216.0
checkpoint,epoch_5,layer2.2.conv1.weight,stage2,5.0,0.23121874596540937,0.010721488034097441,0.21790626026629809,0.24453123166452065,2442.2,51.514075746343345,2378.2368267450233,2506.1631732549763,2128.6,33.09531688925186,2087.506736509471,2169.693263490529,9216.0,0.0,9216.0,9216.0
checkpoint,epoch_5,layer2.2.conv2.weight,stage2,5.0,0.21817502073591427,0.01395057708598515,0.2008530914140801,0.23549695005774846,2331.8,70.66257849809898,2244.060820258663,2419.539179741337,1836.0,27.230497608380205,1802.1888714665006,1869.8111285334994,9216.0,0.0,9216.0,9216.0
checkpoint,epoch_5,layer3.0.conv1.weight,stage3,5.0,0.22020131358118938,0.012713029335741123,0.20441600274689128,0.23598662441548748,4402.8,167.08889849418483,4195.331730240247,4610.268269759753,3825.0,61.91526467681455,3748.122044911542,3901.877955088458,18432.0,0.0,18432.0,18432.0
checkpoint,epoch_5,layer3.0.conv2.weight,stage3,5.0,0.13829741513470672,0.008672020217211196,0.12752967983930039,0.14906515043011306,4683.6,225.74388142317392,4403.301949622065,4963.898050377936,5977.0,147.0187062927708,5794.452165333773,6159.547834666227,36864.0,0.0,36864.0,36864.0
checkpoint,epoch_5,layer3.0.shortcut.0.weight,stage3,5.0,0.4839076783419821,0.009884244702985876,0.4716347675448483,0.49618058913911595,1389.0,39.88734135035826,1339.4733242611958,1438.5266757388042,933.0,18.547236990991408,909.9705635621328,956.0294364378672,2048.0,0.0,2048.0,2048.0
checkpoint,epoch_5,layer3.1.conv1.weight,stage3,5.0,0.14079856583600361,0.01079747642907697,0.12739172808256496,0.15420540358944226,4407.6,292.3744174855249,4044.569211812426,4770.630788187575,6521.2,109.84170428393762,6384.81351028929,6657.586489710709,36864.0,0.0,36864.0,36864.0
checkpoint,epoch_5,layer3.1.conv2.weight,stage3,5.0,0.13231634596655703,0.007392733976795999,0.12313705433927168,0.14149563759384237,2971.2,129.22731909313913,2810.743090297659,3131.6569097023407,4686.0,87.64416694794924,4577.175393248171,4794.824606751829,36864.0,0.0,36864.0,36864.0
checkpoint,epoch_5,layer3.2.conv1.weight,stage3,5.0,0.11056048936660814,0.007723023153781119,0.10097108955926402,0.12014988917395227,2038.6,172.4769549823976,1824.4415744785451,2252.7584255214547,4104.8,184.25172997830984,3876.021260279171,4333.578739720829,36864.0,0.0,36864.0,36864.0
checkpoint,epoch_5,layer3.2.conv2.weight,stage3,5.0,0.10790754850901674,0.0027362277276654716,0.10451007304868762,0.11130502396934586,1442.4,182.5480758594842,1215.7366262639084,1669.0633737360918,1595.6,104.61739817066757,1465.7003431057335,1725.4996568942663,36864.0,0.0,36864.0,36864.0
