family,config,scope,comparison,runs,n_pairs,n_posterior_values,n_baseline_values,posterior_mean,posterior_std,baseline_mean,baseline_std,delta_mean,delta_ci95_low,delta_ci95_high,positive,negative,zero,paired_win_rate,all_pair_win_rate,ks_stat,ks_pvalue,wasserstein,mmd_rbf,raw_ks_stat,raw_ks_pvalue,raw_wasserstein,raw_mmd_rbf,raw_pair_win_rate,mean_post_chain,mean_sample_accuracy,verdict
CIFAR BlockLap,"joint-group, scale=1.0e-04",block,posterior-random,5,5,5,5,0.3294254778298016,0.005129656994723805,0.27102011523596575,0.00664521409187125,0.058405362593835816,0.05322645469383029,0.06358427049384134,5,0,0,1.0,1.0,1.0,0.0,0.05840536259383582,1.0354859348955436,nan,nan,nan,nan,nan,0.5088132998338245,0.892224,posterior separates from random
CIFAR BlockLap,"joint-group, scale=1.0e-04",block,posterior-chain,5,5,5,5,0.3294254778298016,0.005129656994723805,0.35006697893243016,0.009117509582534874,-0.02064150110262858,-0.025337611286547716,-0.015945390918709442,0,5,0,0.0,0.04,0.8,0.07999999999999996,0.02064150110262858,0.9055608512797733,nan,nan,nan,nan,nan,0.5088132998338245,0.892224,control closer to ticket
CIFAR BlockLap,"joint-group, scale=1.0e-04",block,posterior-rewind,5,5,5,5,0.3294254778298016,0.005129656994723805,0.363683881986986,0.012175276852708717,-0.03425840415718443,-0.04047832451010665,-0.028038483804262215,0,5,0,0.0,0.0,1.0,0.0,0.03425840415718443,1.0408150770563194,nan,nan,nan,nan,nan,0.5088132998338245,0.892224,control closer to ticket
CIFAR BlockLap,"joint-group, scale=1.0e-04",global,posterior-random,5,5,5,5,0.13190753612091782,0.0022614463605406293,0.09178390580573527,9.431834248356073e-05,0.040123630315182554,0.03809369972870336,0.042153560901661745,5,0,0,1.0,1.0,1.0,0.0,0.040123630315182554,0.8893846398306693,nan,nan,nan,nan,nan,0.945884733008768,0.892224,posterior separates from random
CIFAR BlockLap,"joint-group, scale=1.0e-04",global,posterior-chain,5,5,5,5,0.13190753612091782,0.0022614463605406293,0.13092017471416342,0.0022925763480824432,0.0009873614067543834,0.0007705306129231674,0.0012041922005855995,5,0,0,1.0,0.68,0.4,0.82,0.0009873614067543834,0.045324862702608604,nan,nan,nan,nan,nan,0.945884733008768,0.892224,practically tied to control
CIFAR BlockLap,"joint-group, scale=1.0e-04",global,posterior-rewind,5,5,5,5,0.13190753612091782,0.0022614463605406293,0.15089311976230912,0.004947939762074973,-0.01898558364139132,-0.02190997264015457,-0.016061194642628066,0,5,0,0.0,0.0,1.0,0.0,0.01898558364139132,1.2940089163985218,nan,nan,nan,nan,nan,0.945884733008768,0.892224,control closer to ticket
CIFAR BlockLap,"layer1.0.conv1, scale=1.0e-03",block,posterior-random,5,5,5,5,0.19590445226702152,0.01760372701729984,0.19378405501076487,0.015748299501149907,0.002120397256256662,-0.0025367405929534997,0.006777535105466824,4,1,0,0.8,0.56,0.20000000000000007,1.0,0.005003565819699024,0.019375465052984264,nan,nan,nan,nan,nan,0.22356189985618452,0.896064,posterior separates from random
CIFAR BlockLap,"layer1.0.conv1, scale=1.0e-03",block,posterior-chain,5,5,5,5,0.19590445226702152,0.01760372701729984,0.20341045566407762,0.018572616844111333,-0.0075060033970560935,-0.01588385720275637,0.0008718504086441814,0,5,0,0.0,0.32,0.4,0.82,0.0075060033970560935,0.07633195359360179,nan,nan,nan,nan,nan,0.22356189985618452,0.896064,control closer to ticket
CIFAR BlockLap,"layer1.0.conv1, scale=1.0e-03",block,posterior-rewind,5,5,5,5,0.19590445226702152,0.01760372701729984,0.24230867197030492,0.015266722032298785,-0.046404219703283386,-0.05434469714347057,-0.0384637422630962,0,5,0,0.0,0.04,0.8,0.07999999999999996,0.04640421970328339,0.8523729110114289,nan,nan,nan,nan,nan,0.22356189985618452,0.896064,control closer to ticket
CIFAR BlockLap,"layer1.0.conv1, scale=1.0e-03",global,posterior-random,5,5,5,5,0.1328523820522824,0.002807215829460124,0.0917321010921981,0.00016002963046647577,0.04112028096008429,0.03860499493759292,0.04363556698257567,5,0,0,1.0,1.0,1.0,0.0,0.041120280960084285,0.8666911846132368,nan,nan,nan,nan,nan,0.9556708076263214,0.896064,posterior separates from random
CIFAR BlockLap,"layer1.0.conv1, scale=1.0e-03",global,posterior-chain,5,5,5,5,0.1328523820522824,0.002807215829460124,0.13154324176922416,0.002823055252881091,0.00130914028305823,0.0010097363733807857,0.0016085441927356742,5,0,0,1.0,0.64,0.4,0.82,0.0013091402830582302,0.0502840428308684,nan,nan,nan,nan,nan,0.9556708076263214,0.896064,practically tied to control
CIFAR BlockLap,"layer1.0.conv1, scale=1.0e-03",global,posterior-rewind,5,5,5,5,0.1328523820522824,0.002807215829460124,0.1504342336820173,0.0029536892472872673,-0.017581851629734906,-0.01970374758373404,-0.01545995567573577,0,5,0,0.0,0.0,1.0,0.0,0.017581851629734906,1.1867198407914228,nan,nan,nan,nan,nan,0.9556708076263214,0.896064,control closer to ticket
CIFAR BlockLap,"layer3.0.shortcut.0, scale=1.0e-03",block,posterior-random,5,5,5,5,0.2401711655613941,0.007628424907612922,0.23806551444508722,0.004802806278299695,0.002105651116306845,-0.0008192497048921444,0.0050305519375058345,4,1,0,0.8,0.68,0.6,0.32000000000000006,0.0034171245869421495,0.13167814529373145,nan,nan,nan,nan,nan,0.3625913375272136,0.89054,posterior separates from random
CIFAR BlockLap,"layer3.0.shortcut.0, scale=1.0e-03",block,posterior-chain,5,5,5,5,0.2401711655613941,0.007628424907612922,0.2411283691175289,0.01574133268652147,-0.0009572035561348391,-0.010847642467488665,0.008933235355218986,2,3,0,0.4,0.48,0.4,0.82,0.006914535556943918,0.1355818769607735,nan,nan,nan,nan,nan,0.3625913375272136,0.89054,practically tied to control
CIFAR BlockLap,"layer3.0.shortcut.0, scale=1.0e-03",block,posterior-rewind,5,5,5,5,0.2401711655613941,0.007628424907612922,0.3049980237997506,0.01704231728973247,-0.06482685823835652,-0.07999495865959663,-0.04965875781711641,0,5,0,0.0,0.0,1.0,0.0,0.06482685823835652,1.2370916957334566,nan,nan,nan,nan,nan,0.3625913375272136,0.89054,control closer to ticket
CIFAR BlockLap,"layer3.0.shortcut.0, scale=1.0e-03",global,posterior-random,5,5,5,5,0.13325219308761044,0.0017456472292296332,0.0918097066222389,4.8060191362694974e-05,0.04144248646537152,0.03993049531375062,0.04295447761699242,5,0,0,1.0,1.0,1.0,0.0,0.04144248646537152,0.862769158160277,nan,nan,nan,nan,nan,0.9739566460421701,0.89054,posterior separates from random
CIFAR BlockLap,"layer3.0.shortcut.0, scale=1.0e-03",global,posterior-chain,5,5,5,5,0.13325219308761044,0.0017456472292296332,0.13243489207587453,0.0017978495364784266,0.0008173010117358992,0.0006340830650416518,0.0010005189584301468,5,0,0,1.0,0.64,0.39999999999999997,0.8200000000000001,0.0008173010117358991,0.03939270524897198,nan,nan,nan,nan,nan,0.9739566460421701,0.89054,practically tied to control
CIFAR BlockLap,"layer3.0.shortcut.0, scale=1.0e-03",global,posterior-rewind,5,5,5,5,0.13325219308761044,0.0017456472292296332,0.15132215310325461,0.005881062309121035,-0.018069960015644176,-0.022174564066134196,-0.013965355965154157,0,5,0,0.0,0.0,1.0,0.0,0.018069960015644176,1.183610096891901,nan,nan,nan,nan,nan,0.9739566460421701,0.89054,control closer to ticket
CIFAR DiagLap movement,scale=1.0e-02,global,posterior-random,5,5,5,5,0.12777289348783527,0.002198330800863642,0.09175478057781862,8.241517796582096e-05,0.03601811291001664,0.034026218092630775,0.03801000772740251,5,0,0,1.0,1.0,1.0,0.0,0.03601811291001665,0.8896707801521255,nan,nan,nan,nan,nan,0.596134948484739,0.827408,posterior separates from random
CIFAR DiagLap movement,scale=1.0e-02,global,posterior-chain,5,5,5,5,0.12777289348783527,0.002198330800863642,0.14685325270463565,0.0023795325216219992,-0.019080359216800395,-0.020893301176414414,-0.017267417257186377,0,5,0,0.0,0.0,1.0,0.0,0.019080359216800395,1.036315503623034,nan,nan,nan,nan,nan,0.596134948484739,0.827408,control closer to ticket
CIFAR DiagLap movement,scale=1.0e-02,global,posterior-dense,5,5,5,5,0.12777289348783527,0.002198330800863642,0.14685325270463565,0.0023795325216219992,-0.019080359216800395,-0.020893301176414414,-0.017267417257186377,0,5,0,0.0,0.0,1.0,0.0,0.019080359216800395,1.036315503623034,nan,nan,nan,nan,nan,0.596134948484739,0.827408,control closer to ticket
CIFAR DiagLap movement,scale=1.0e-02,global,posterior-rewind,5,5,5,5,0.12777289348783527,0.002198330800863642,0.17866365344790128,0.0033930270875155632,-0.05089075996006601,-0.052742290749107364,-0.04903922917102465,0,5,0,0.0,0.0,1.0,0.0,0.05089075996006601,0.9183203378625691,nan,nan,nan,nan,nan,0.596134948484739,0.827408,control closer to ticket
CIFAR DiagLap movement,scale=1.0e-03,global,posterior-random,5,5,5,5,0.14471328060683508,0.002097875528738164,0.0917541881094566,6.920853810515401e-05,0.05295909249737849,0.05107088419075345,0.05484730080400353,5,0,0,1.0,1.0,1.0,0.0,0.0529590924973785,0.8438238750554881,nan,nan,nan,nan,nan,0.8825646108917032,0.879926,posterior separates from random
CIFAR DiagLap movement,scale=1.0e-03,global,posterior-chain,5,5,5,5,0.14471328060683508,0.002097875528738164,0.14685325270463565,0.0023795325216219992,-0.002139972097800563,-0.0025535949003256866,-0.0017263492952754398,0,5,0,0.0,0.24,0.6,0.32000000000000006,0.002139972097800563,0.1810019412695829,nan,nan,nan,nan,nan,0.8825646108917032,0.879926,practically tied to control
CIFAR DiagLap movement,scale=1.0e-03,global,posterior-dense,5,5,5,5,0.14471328060683508,0.002097875528738164,0.14685325270463565,0.0023795325216219992,-0.002139972097800563,-0.0025535949003256866,-0.0017263492952754398,0,5,0,0.0,0.24,0.6,0.32000000000000006,0.002139972097800563,0.1810019412695829,nan,nan,nan,nan,nan,0.8825646108917032,0.879926,practically tied to control
CIFAR DiagLap movement,scale=1.0e-03,global,posterior-rewind,5,5,5,5,0.14471328060683508,0.002097875528738164,0.17866365344790128,0.0033930270875155632,-0.033950372841066175,-0.03613850250246044,-0.03176224317967191,0,5,0,0.0,0.0,1.0,0.0,0.03395037284106617,0.9686521074694463,nan,nan,nan,nan,nan,0.8825646108917032,0.879926,control closer to ticket
CIFAR DiagLap movement,scale=1.0e-10,global,posterior-random,5,5,5,5,0.1468560717624245,0.0023808008518214755,0.09175015197235108,5.3701543227587946e-05,0.05510591979007342,0.052986259549800685,0.057225580030346154,5,0,0,1.0,1.0,1.0,0.0,0.05510591979007341,0.84886093668713,nan,nan,nan,nan,nan,0.9999481667872344,0.8848919999999999,posterior separates from random
CIFAR DiagLap movement,scale=1.0e-10,global,posterior-chain,5,5,5,5,0.1468560717624245,0.0023808008518214755,0.14685325270463565,0.0023795325216219992,2.8190577888442814e-06,3.669918191890041e-07,5.271123758499558e-06,5,0,0,1.0,0.6,0.20000000000000007,1.0,2.8190577888442814e-06,6.690082541283005e-07,nan,nan,nan,nan,nan,0.9999481667872344,0.8848919999999999,practically tied to control
CIFAR DiagLap movement,scale=1.0e-10,global,posterior-dense,5,5,5,5,0.1468560717624245,0.0023808008518214755,0.14685325270463565,0.0023795325216219992,2.8190577888442814e-06,3.669918191890041e-07,5.271123758499558e-06,5,0,0,1.0,0.6,0.20000000000000007,1.0,2.8190577888442814e-06,6.690082541283005e-07,nan,nan,nan,nan,nan,0.9999481667872344,0.8848919999999999,practically tied to control
CIFAR DiagLap movement,scale=1.0e-10,global,posterior-rewind,5,5,5,5,0.1468560717624245,0.0023808008518214755,0.17866365344790128,0.0033930270875155632,-0.03180758168547677,-0.034166162752616906,-0.029449000618336628,0,5,0,0.0,0.0,1.0,0.0,0.03180758168547676,0.9855548689533339,nan,nan,nan,nan,nan,0.9999481667872344,0.8848919999999999,control closer to ticket
CIFAR DiagLap movement,scale=3.0e-03,global,posterior-random,5,5,5,5,0.1399617473772908,0.0022539194950680387,0.0917545062496768,7.908248197362641e-05,0.048207241127613994,0.04616497198614145,0.050249510269086535,5,0,0,1.0,1.0,1.0,0.0,0.048207241127613994,0.853021629342793,nan,nan,nan,nan,nan,0.780332918877674,0.870656,posterior separates from random
CIFAR DiagLap movement,scale=3.0e-03,global,posterior-chain,5,5,5,5,0.1399617473772908,0.0022539194950680387,0.14685325270463565,0.0023795325216219992,-0.0068915053273448604,-0.007812599455651732,-0.005970411199037989,0,5,0,0.0,0.0,1.0,0.0,0.0068915053273448604,0.9103508221709468,nan,nan,nan,nan,nan,0.780332918877674,0.870656,control closer to ticket
CIFAR DiagLap movement,scale=3.0e-03,global,posterior-dense,5,5,5,5,0.1399617473772908,0.0022539194950680387,0.14685325270463565,0.0023795325216219992,-0.0068915053273448604,-0.007812599455651732,-0.005970411199037989,0,5,0,0.0,0.0,1.0,0.0,0.0068915053273448604,0.9103508221709468,nan,nan,nan,nan,nan,0.780332918877674,0.870656,control closer to ticket
CIFAR DiagLap movement,scale=3.0e-03,global,posterior-rewind,5,5,5,5,0.1399617473772908,0.0022539194950680387,0.17866365344790128,0.0033930270875155632,-0.03870190607061047,-0.04067481806195549,-0.03672899407926545,0,5,0,0.0,0.0,1.0,0.0,0.03870190607061047,0.9352695237432362,nan,nan,nan,nan,nan,0.780332918877674,0.870656,control closer to ticket
CIFAR HeadLap,scale=1.0e+00,global,posterior-random,5,5,5,5,0.1463585604887722,0.0030516476951949756,0.09169790860971586,0.0001211945192740887,0.05466065187905633,0.051984414799228246,0.05733688895888442,5,0,0,1.0,1.0,1.0,0.0,0.05466065187905633,0.861620930150812,nan,nan,nan,nan,nan,0.9963387679345779,0.8835039999999998,posterior separates from random
CIFAR HeadLap,scale=1.0e+00,global,posterior-chain,5,5,5,5,0.1463585604887722,0.0030516476951949756,0.14580872558777075,0.0031922774858798267,0.0005498349010014392,0.00039167615204959344,0.0007079936499532848,5,0,0,1.0,0.6,0.20000000000000007,1.0,0.0005498349010014392,0.007630542017208253,nan,nan,nan,nan,nan,0.9963387679345779,0.8835039999999998,practically tied to control
CIFAR HeadLap,scale=1.0e+00,global,posterior-rewind,5,5,5,5,0.1463585604887722,0.0030516476951949756,0.17818656617705342,0.003102148208614486,-0.031828005688281216,-0.03381941391596595,-0.02983659746059648,0,5,0,0.0,0.0,1.0,0.0,0.03182800568828122,1.0027498034847742,nan,nan,nan,nan,nan,0.9963387679345779,0.8835039999999998,control closer to ticket
CIFAR HeadLap,scale=1.0e+00,head,posterior-random,5,5,5,5,0.6715932427863165,0.013096657398026491,0.6740338602296821,0.012476176113209225,-0.0024406174433656337,-0.0051949488783912656,0.00031371399165999866,1,4,0,0.2,0.44,0.20000000000000007,1.0,0.002509631309332283,0.00929709410791224,nan,nan,nan,nan,nan,0.6768792514071967,0.8835039999999998,no random separation
CIFAR HeadLap,scale=1.0e+00,head,posterior-chain,5,5,5,5,0.6715932427863165,0.013096657398026491,0.7067878422882515,0.024181441702714385,-0.03519459950193511,-0.05145819745632708,-0.018931001547543146,0,5,0,0.0,0.12,0.8,0.07999999999999996,0.03519459950193511,0.5614912207902767,nan,nan,nan,nan,nan,0.6768792514071967,0.8835039999999998,control closer to ticket
CIFAR HeadLap,scale=1.0e+00,head,posterior-rewind,5,5,5,5,0.6715932427863165,0.013096657398026491,0.7191381461372003,0.013062265738067852,-0.04754490335088386,-0.05503022529276788,-0.040059581408999845,0,5,0,0.0,0.0,1.0,0.0,0.04754490335088386,1.0753581823961489,nan,nan,nan,nan,nan,0.6768792514071967,0.8835039999999998,control closer to ticket
CIFAR HeadLap,scale=1.0e-02,global,posterior-random,5,5,5,5,0.14591938991674147,0.0031161804163245535,0.09169544814545152,0.00012786914167474742,0.05422394177128996,0.05148053794701099,0.05696734559556893,5,0,0,1.0,1.0,1.0,0.0,0.05422394177128996,0.8633310188726133,nan,nan,nan,nan,nan,0.9967288141385344,0.885464,posterior separates from random
CIFAR HeadLap,scale=1.0e-02,global,posterior-chain,5,5,5,5,0.14591938991674147,0.0031161804163245535,0.14580872558777075,0.0031922774858798267,0.00011066432897073319,-2.1326211540322753e-06,0.00022346127909549866,4,1,0,0.8,0.56,0.20000000000000007,1.0,0.00012691748536916014,0.00044515081370999354,nan,nan,nan,nan,nan,0.9967288141385344,0.885464,practically tied to control
CIFAR HeadLap,scale=1.0e-02,global,posterior-rewind,5,5,5,5,0.14591938991674147,0.0031161804163245535,0.17818656617705342,0.003102148208614486,-0.032267176260311926,-0.0342975228779842,-0.03023682964263965,0,5,0,0.0,0.0,1.0,0.0,0.032267176260311926,1.005203357301597,nan,nan,nan,nan,nan,0.9967288141385344,0.885464,control closer to ticket
CIFAR HeadLap,scale=1.0e-02,head,posterior-random,5,5,5,5,0.6784155071567602,0.011479329487555416,0.6740610050085675,0.012478243606821041,0.004354502148192818,0.0001730935182399562,0.00853591077814568,4,1,0,0.8,0.6,0.4,0.82,0.0048711178821482905,0.04775585813183825,nan,nan,nan,nan,nan,0.6912411515964457,0.885464,posterior separates from random
CIFAR HeadLap,scale=1.0e-02,head,posterior-chain,5,5,5,5,0.6784155071567602,0.011479329487555416,0.7067878422882515,0.024181441702714385,-0.02837233513149131,-0.04433027069075875,-0.012414399572223872,0,5,0,0.0,0.12,0.8,0.07999999999999996,0.028372335131491313,0.4373223467647025,nan,nan,nan,nan,nan,0.6912411515964457,0.885464,control closer to ticket
CIFAR HeadLap,scale=1.0e-02,head,posterior-rewind,5,5,5,5,0.6784155071567602,0.011479329487555416,0.7191381461372003,0.013062265738067852,-0.04072263898044006,-0.04725987030782026,-0.034185407653059864,0,5,0,0.0,0.0,1.0,0.0,0.04072263898044006,1.0197587289398398,nan,nan,nan,nan,nan,0.6912411515964457,0.885464,control closer to ticket
CIFAR HeadLap,scale=1.0e-03,global,posterior-random,5,5,5,5,0.14575969080422105,0.0031214386210516175,0.09169220161888421,0.0001269155483578444,0.05406748918533683,0.05132515726774106,0.0568098211029326,5,0,0,1.0,1.0,1.0,0.0,0.05406748918533684,0.8636537052269015,nan,nan,nan,nan,nan,0.997439681673674,0.885628,posterior separates from random
CIFAR HeadLap,scale=1.0e-03,global,posterior-chain,5,5,5,5,0.14575969080422105,0.0031214386210516175,0.14580872558777075,0.0031922774858798267,-4.90347835497118e-05,-0.0001409514585040121,4.2881891404588515e-05,1,4,0,0.2,0.44,0.20000000000000007,1.0,9.317371037154687e-05,0.0001720285662027976,nan,nan,nan,nan,nan,0.997439681673674,0.885628,practically tied to control
CIFAR HeadLap,scale=1.0e-03,global,posterior-rewind,5,5,5,5,0.14575969080422105,0.0031214386210516175,0.17818656617705342,0.003102148208614486,-0.03242687537283237,-0.03446694373945184,-0.0303868070062129,0,5,0,0.0,0.0,1.0,0.0,0.03242687537283237,1.0051514427876143,nan,nan,nan,nan,nan,0.997439681673674,0.885628,control closer to ticket
CIFAR HeadLap,scale=1.0e-03,head,posterior-random,5,5,5,5,0.6982866260670377,0.010134250296779987,0.674061783516828,0.012587220557359804,0.02422484255020978,0.01773234767040486,0.030717337430014702,5,0,0,1.0,0.96,0.8,0.07999999999999996,0.024224842550209784,0.6631524644809177,nan,nan,nan,nan,nan,0.7772571155492976,0.885628,posterior separates from random
CIFAR HeadLap,scale=1.0e-03,head,posterior-chain,5,5,5,5,0.6982866260670377,0.010134250296779987,0.7067878422882515,0.024181441702714385,-0.008501216221213826,-0.023078591404991133,0.006076158962563484,2,3,0,0.4,0.44,0.4,0.82,0.01248870518531877,0.1789702108850848,nan,nan,nan,nan,nan,0.7772571155492976,0.885628,mixed
CIFAR HeadLap,scale=1.0e-03,head,posterior-rewind,5,5,5,5,0.6982866260670377,0.010134250296779987,0.7191381461372003,0.013062265738067852,-0.020851520070162576,-0.029141111180324603,-0.012561928960000548,0,5,0,0.0,0.0,1.0,0.0,0.020851520070162576,0.4471432046124353,nan,nan,nan,nan,nan,0.7772571155492976,0.885628,control closer to ticket
CIFAR HeadLap,scale=1.0e-06,global,posterior-random,5,5,5,5,0.14580931339963799,0.003194720238274499,0.09168579996179525,0.00013685902203242078,0.05412351343784272,0.051323741036009875,0.05692328583967556,5,0,0,1.0,1.0,1.0,0.0,0.05412351343784272,0.8673313514832044,nan,nan,nan,nan,nan,0.9998699830562645,0.885604,posterior separates from random
CIFAR HeadLap,scale=1.0e-06,global,posterior-chain,5,5,5,5,0.14580931339963799,0.003194720238274499,0.14580872558777075,0.0031922774858798267,5.878118672253407e-07,-1.7504130963779928e-05,1.8679754698230608e-05,2,3,0,0.4,0.48,0.20000000000000007,1.0,1.5037805303774743e-05,1.4135622889988042e-06,nan,nan,nan,nan,nan,0.9998699830562645,0.885604,practically tied to control
CIFAR HeadLap,scale=1.0e-06,global,posterior-rewind,5,5,5,5,0.14580931339963799,0.003194720238274499,0.17818656617705342,0.003102148208614486,-0.03237725277741543,-0.03444772800263925,-0.030306777552191622,0,5,0,0.0,0.0,1.0,0.0,0.03237725277741543,1.0104105171256919,nan,nan,nan,nan,nan,0.9998699830562645,0.885604,control closer to ticket
CIFAR HeadLap,scale=1.0e-06,head,posterior-random,5,5,5,5,0.7067487105858894,0.02478084208135699,0.6741985376463129,0.012574579470291091,0.032550172939576516,0.013528585987075886,0.05157175989207714,5,0,0,1.0,0.88,0.8,0.07999999999999996,0.032550172939576516,0.49276157822515176,nan,nan,nan,nan,nan,0.9916576774158353,0.885604,posterior separates from random
CIFAR HeadLap,scale=1.0e-06,head,posterior-chain,5,5,5,5,0.7067487105858894,0.02478084208135699,0.7067878422882515,0.024181441702714385,-3.913170236220509e-05,-0.001169705266614171,0.0010914418618897608,3,2,0,0.6,0.52,0.20000000000000007,1.0,0.0010761564056707138,0.000789856792197341,nan,nan,nan,nan,nan,0.9916576774158353,0.885604,practically tied to control
CIFAR HeadLap,scale=1.0e-06,head,posterior-rewind,5,5,5,5,0.7067487105858894,0.02478084208135699,0.7191381461372003,0.013062265738067852,-0.012389435551310956,-0.034684268780085833,0.009905397677463922,1,4,0,0.2,0.32,0.6,0.32000000000000006,0.013069487419350788,0.15562487003930592,nan,nan,nan,nan,nan,0.9916576774158353,0.885604,control closer to ticket
CIFAR Hess16SubHMC,step=3.0e-04,global,posterior-random,5,5,5,5,0.14680198440670414,0.0023066493432624606,0.09168450164139016,4.625468259736907e-05,0.05511748276531397,0.053076193535509866,0.05715877199511807,5,0,0,1.0,1.0,1.0,0.0,0.055117482765313974,0.8442464582370397,nan,nan,nan,nan,nan,0.9994495943725,0.88812,posterior separates from random
CIFAR Hess16SubHMC,step=3.0e-04,global,posterior-chain,5,5,5,5,0.14680198440670414,0.0023066493432624606,0.14681841373016546,0.0023253632840831854,-1.6429323461347735e-05,-5.477644450241492e-05,2.1917797579719453e-05,2,3,0,0.4,0.48,0.20000000000000007,1.0,3.753384793414028e-05,3.216876785350209e-05,nan,nan,nan,nan,nan,0.9994495943725,0.88812,practically tied to control
CIFAR Hess16SubHMC,step=3.0e-04,global,posterior-dense,5,5,5,5,0.14680198440670414,0.0023066493432624606,0.14681841373016546,0.0023253632840831854,-1.6429323461347735e-05,-5.477644450241492e-05,2.1917797579719453e-05,2,3,0,0.4,0.48,0.20000000000000007,1.0,3.753384793414028e-05,3.216876785350209e-05,nan,nan,nan,nan,nan,0.9994495943725,0.88812,practically tied to control
CIFAR Hess16SubHMC,step=3.0e-04,global,posterior-rewind,5,5,5,5,0.14680198440670414,0.0023066493432624606,0.17993557221787607,0.0020678328834626237,-0.033133587811171934,-0.034728914403931756,-0.03153826121841211,0,5,0,0.0,0.0,1.0,0.0,0.033133587811171934,0.9051004050274951,nan,nan,nan,nan,nan,0.9994495943725,0.88812,control closer to ticket
CIFAR Hess32SubHMC,step=3.0e-04,global,posterior-random,5,5,5,5,0.1461442578748106,0.003783199935142397,0.09168136768750684,0.0001098371572347377,0.05446289018730377,0.05121673815848403,0.05770904221612351,5,0,0,1.0,1.0,1.0,0.0,0.05446289018730377,0.8770115441259807,nan,nan,nan,nan,nan,0.9993061995255234,0.8872466666666666,posterior separates from random
CIFAR Hess32SubHMC,step=3.0e-04,global,posterior-chain,5,5,5,5,0.1461442578748106,0.003783199935142397,0.14610872596362334,0.0037930095186957174,3.553191118727539e-05,3.857982609317406e-06,6.720583976523338e-05,4,1,0,0.8,0.56,0.20000000000000007,1.0,3.747332461870312e-05,2.5203355155101193e-05,nan,nan,nan,nan,nan,0.9993061995255234,0.8872466666666666,practically tied to control
CIFAR Hess32SubHMC,step=3.0e-04,global,posterior-dense,5,5,5,5,0.1461442578748106,0.003783199935142397,0.14610872596362334,0.0037930095186957174,3.553191118727539e-05,3.857982609317406e-06,6.720583976523338e-05,4,1,0,0.8,0.56,0.20000000000000007,1.0,3.747332461870312e-05,2.5203355155101193e-05,nan,nan,nan,nan,nan,0.9993061995255234,0.8872466666666666,practically tied to control
CIFAR Hess32SubHMC,step=3.0e-04,global,posterior-rewind,5,5,5,5,0.1461442578748106,0.003783199935142397,0.17875702103145866,0.0043205502591171716,-0.032612763156648045,-0.03526353457498091,-0.029961991738315177,0,5,0,0.0,0.0,1.0,0.0,0.032612763156648045,1.087021974855332,nan,nan,nan,nan,nan,0.9993061995255234,0.8872466666666666,control closer to ticket
CIFAR HessSubHMC,step=3.0e-04,global,posterior-random,5,5,5,5,0.14713158768778514,0.0027989145573717716,0.09163344205112028,0.00018516658527102897,0.05549814563666487,0.05299169606872093,0.058004595204608815,5,0,0,1.0,1.0,1.0,0.0,0.05549814563666487,0.8663207331601761,nan,nan,nan,nan,nan,0.9998928223986383,0.886516,posterior separates from random
CIFAR HessSubHMC,step=3.0e-04,global,posterior-chain,5,5,5,5,0.14713158768778514,0.0027989145573717716,0.14712928925477758,0.002802463974401838,2.298433007563716e-06,-7.093123571705402e-06,1.1689989586832835e-05,2,2,1,0.4,0.48,0.20000000000000007,1.0,8.10165930040796e-06,1.6715278416956636e-06,nan,nan,nan,nan,nan,0.9998928223986383,0.886516,practically tied to control
CIFAR HessSubHMC,step=3.0e-04,global,posterior-dense,5,5,5,5,0.14713158768778514,0.0027989145573717716,0.14712928925477758,0.002802463974401838,2.298433007563716e-06,-7.093123571705402e-06,1.1689989586832835e-05,2,2,1,0.4,0.48,0.20000000000000007,1.0,8.10165930040796e-06,1.6715278416956636e-06,nan,nan,nan,nan,nan,0.9998928223986383,0.886516,practically tied to control
CIFAR HessSubHMC,step=3.0e-04,global,posterior-rewind,5,5,5,5,0.14713158768778514,0.0027989145573717716,0.18100250123280154,0.003390745023557389,-0.03387091354501638,-0.035085427509106634,-0.03265639958092613,0,5,0,0.0,0.0,1.0,0.0,0.03387091354501639,0.9838221413138983,nan,nan,nan,nan,nan,0.9998928223986383,0.886516,control closer to ticket
CIFAR KFACLap movement,scale=1.0e-02,global,posterior-random,5,5,5,5,0.13025264374319298,0.0016169669891633958,0.09171907851735829,9.087677447602486e-05,0.0385335652258347,0.037069424182384555,0.03999770626928484,5,0,0,1.0,1.0,1.0,0.0,0.0385335652258347,0.832615649075565,nan,nan,nan,nan,nan,0.4858577829751072,0.869454,posterior separates from random
CIFAR KFACLap movement,scale=1.0e-02,global,posterior-chain,5,5,5,5,0.13025264374319298,0.0016169669891633958,0.1456413997495639,0.0024322082442897,-0.015388756006370907,-0.016471328970929996,-0.014306183041811818,0,5,0,0.0,0.0,1.0,0.0,0.015388756006370907,1.0671868126100348,nan,nan,nan,nan,nan,0.4858577829751072,0.869454,control closer to ticket
CIFAR KFACLap movement,scale=1.0e-02,global,posterior-dense,5,5,5,5,0.13025264374319298,0.0016169669891633958,0.1456413997495639,0.0024322082442897,-0.015388756006370907,-0.016471328970929996,-0.014306183041811818,0,5,0,0.0,0.0,1.0,0.0,0.015388756006370907,1.0671868126100348,nan,nan,nan,nan,nan,0.4858577829751072,0.869454,control closer to ticket
CIFAR KFACLap movement,scale=1.0e-02,global,posterior-rewind,5,5,5,5,0.13025264374319298,0.0016169669891633958,0.1775057085964201,0.0034785274223601025,-0.0472530648532271,-0.04932676165923068,-0.045179368047223514,0,5,0,0.0,0.0,1.0,0.0,0.047253064853227104,0.9278395858920494,nan,nan,nan,nan,nan,0.4858577829751072,0.869454,control closer to ticket
CIFAR KFACLap movement,scale=1.0e-03,global,posterior-random,5,5,5,5,0.14408255501683323,0.002004368153887154,0.09172015466276105,7.869525201024708e-05,0.05236240035407217,0.05055294958512714,0.0541718511230172,5,0,0,1.0,1.0,1.0,0.0,0.05236240035407217,0.8336830077198678,nan,nan,nan,nan,nan,0.8015690189707867,0.8838619999999999,posterior separates from random
CIFAR KFACLap movement,scale=1.0e-03,global,posterior-chain,5,5,5,5,0.14408255501683323,0.002004368153887154,0.1456413997495639,0.0024322082442897,-0.0015588447327306743,-0.0022258986188641795,-0.000891790846597169,0,5,0,0.0,0.28,0.6,0.32000000000000006,0.001558844732730674,0.09237032426233927,nan,nan,nan,nan,nan,0.8015690189707867,0.8838619999999999,practically tied to control
CIFAR KFACLap movement,scale=1.0e-03,global,posterior-dense,5,5,5,5,0.14408255501683323,0.002004368153887154,0.1456413997495639,0.0024322082442897,-0.0015588447327306743,-0.0022258986188641795,-0.000891790846597169,0,5,0,0.0,0.28,0.6,0.32000000000000006,0.001558844732730674,0.09237032426233927,nan,nan,nan,nan,nan,0.8015690189707867,0.8838619999999999,practically tied to control
CIFAR KFACLap movement,scale=1.0e-03,global,posterior-rewind,5,5,5,5,0.14408255501683323,0.002004368153887154,0.1775057085964201,0.0034785274223601025,-0.03342315357958687,-0.035507645078722096,-0.03133866208045164,0,5,0,0.0,0.0,1.0,0.0,0.03342315357958687,1.0039719775568088,nan,nan,nan,nan,nan,0.8015690189707867,0.8838619999999999,control closer to ticket
CIFAR KFACLap movement,scale=1.0e-04,global,posterior-random,5,5,5,5,0.14561976529176163,0.002237972888647824,0.09172018917109412,7.325003444573688e-05,0.053899576120667515,0.05187978464962608,0.05591936759170895,5,0,0,1.0,1.0,1.0,0.0,0.05389957612066752,0.8370808021457876,nan,nan,nan,nan,nan,0.9333607781325755,0.885446,posterior separates from random
CIFAR KFACLap movement,scale=1.0e-04,global,posterior-chain,5,5,5,5,0.14561976529176163,0.002237972888647824,0.1456413997495639,0.0024322082442897,-2.163445780225537e-05,-0.0002678312784755896,0.00022456236287107884,3,2,0,0.6,0.52,0.20000000000000007,1.0,0.00020764930226334631,0.0020849992249254434,nan,nan,nan,nan,nan,0.9333607781325755,0.885446,practically tied to control
CIFAR KFACLap movement,scale=1.0e-04,global,posterior-dense,5,5,5,5,0.14561976529176163,0.002237972888647824,0.1456413997495639,0.0024322082442897,-2.163445780225537e-05,-0.0002678312784755896,0.00022456236287107884,3,2,0,0.6,0.52,0.20000000000000007,1.0,0.00020764930226334631,0.0020849992249254434,nan,nan,nan,nan,nan,0.9333607781325755,0.885446,practically tied to control
CIFAR KFACLap movement,scale=1.0e-04,global,posterior-rewind,5,5,5,5,0.14561976529176163,0.002237972888647824,0.1775057085964201,0.0034785274223601025,-0.03188594330465845,-0.03413350109092283,-0.029638385518394074,0,5,0,0.0,0.0,1.0,0.0,0.03188594330465845,1.0021373004990024,nan,nan,nan,nan,nan,0.9333607781325755,0.885446,control closer to ticket
CIFAR KFACLap movement,scale=1.0e-10,global,posterior-random,5,5,5,5,0.1456425668081794,0.002436299006171766,0.0917155510513301,7.916138949856427e-05,0.053927015756849314,0.05172466121476355,0.056129370298935076,5,0,0,1.0,1.0,1.0,0.0,0.053927015756849314,0.8376879825160437,nan,nan,nan,nan,nan,0.9999393817858748,0.886066,posterior separates from random
CIFAR KFACLap movement,scale=1.0e-10,global,posterior-chain,5,5,5,5,0.1456425668081794,0.002436299006171766,0.1456413997495639,0.0024322082442897,1.1670586155254625e-06,-3.5120698562916323e-06,5.846187087342557e-06,2,2,1,0.4,0.48,0.20000000000000007,1.0,4.038917169812973e-06,1.0972673489817453e-06,nan,nan,nan,nan,nan,0.9999393817858748,0.886066,practically tied to control
CIFAR KFACLap movement,scale=1.0e-10,global,posterior-dense,5,5,5,5,0.1456425668081794,0.002436299006171766,0.1456413997495639,0.0024322082442897,1.1670586155254625e-06,-3.5120698562916323e-06,5.846187087342557e-06,2,2,1,0.4,0.48,0.20000000000000007,1.0,4.038917169812973e-06,1.0972673489817453e-06,nan,nan,nan,nan,nan,0.9999393817858748,0.886066,practically tied to control
CIFAR KFACLap movement,scale=1.0e-10,global,posterior-rewind,5,5,5,5,0.1456425668081794,0.002436299006171766,0.1775057085964201,0.0034785274223601025,-0.031863141788240665,-0.03416132994951796,-0.029564953626963368,0,5,0,0.0,0.0,1.0,0.0,0.03186314178824067,0.9916028285173276,nan,nan,nan,nan,nan,0.9999393817858748,0.886066,control closer to ticket
CIFAR LowRank128Lap movement,scale=1.0e-02,global,posterior-random,5,5,5,5,0.13511400794290712,0.0030928937285377165,0.09172894838793715,6.655827630165839e-05,0.04338505955496998,0.040650914508082336,0.04611920460185763,5,0,0,1.0,1.0,1.0,0.0,0.04338505955496999,0.9161343436257348,nan,nan,nan,nan,nan,0.7358311720572975,0.881288,posterior separates from random
CIFAR LowRank128Lap movement,scale=1.0e-02,global,posterior-chain,5,5,5,5,0.13511400794290712,0.0030928937285377165,0.14531990418402424,0.0027821862702142337,-0.010205896241117118,-0.010635839570340323,-0.009775952911893914,0,5,0,0.0,0.0,1.0,0.0,0.010205896241117118,1.0287708787334044,nan,nan,nan,nan,nan,0.7358311720572975,0.881288,control closer to ticket
CIFAR LowRank128Lap movement,scale=1.0e-02,global,posterior-dense,5,5,5,5,0.13511400794290712,0.0030928937285377165,0.14531990418402424,0.0027821862702142337,-0.010205896241117118,-0.010635839570340323,-0.009775952911893914,0,5,0,0.0,0.0,1.0,0.0,0.010205896241117118,1.0287708787334044,nan,nan,nan,nan,nan,0.7358311720572975,0.881288,control closer to ticket
CIFAR LowRank128Lap movement,scale=1.0e-02,global,posterior-rewind,5,5,5,5,0.13511400794290712,0.0030928937285377165,0.1780381269087932,0.003935804049474737,-0.04292411896588606,-0.04490269926386427,-0.04094553866790786,0,5,0,0.0,0.0,1.0,0.0,0.042924118965886056,0.9765152181259138,nan,nan,nan,nan,nan,0.7358311720572975,0.881288,control closer to ticket
CIFAR LowRank32Lap movement,scale=1.0e-02,global,posterior-random,5,5,5,5,0.13584491017204284,0.002158815805241572,0.09179215048610155,0.00017187892802520847,0.044052759685941294,0.04202046236878327,0.04608505700309932,5,0,0,1.0,1.0,1.0,0.0,0.04405275968594129,0.8794392224936269,nan,nan,nan,nan,nan,0.7401651753088204,0.8788860000000001,posterior separates from random
CIFAR LowRank32Lap movement,scale=1.0e-02,global,posterior-chain,5,5,5,5,0.13584491017204284,0.002158815805241572,0.1456592988833505,0.003297190237878668,-0.009814388711307654,-0.011161574966841293,-0.008467202455774014,0,5,0,0.0,0.0,1.0,0.0,0.009814388711307654,0.9466373646714192,nan,nan,nan,nan,nan,0.7401651753088204,0.8788860000000001,control closer to ticket
CIFAR LowRank32Lap movement,scale=1.0e-02,global,posterior-dense,5,5,5,5,0.13584491017204284,0.002158815805241572,0.1456592988833505,0.003297190237878668,-0.009814388711307654,-0.011161574966841293,-0.008467202455774014,0,5,0,0.0,0.0,1.0,0.0,0.009814388711307654,0.9466373646714192,nan,nan,nan,nan,nan,0.7401651753088204,0.8788860000000001,control closer to ticket
CIFAR LowRank32Lap movement,scale=1.0e-02,global,posterior-rewind,5,5,5,5,0.13584491017204284,0.002158815805241572,0.17947299214790263,0.0016671546639897838,-0.04362808197585978,-0.04457771491171603,-0.04267844904000353,0,5,0,0.0,0.0,1.0,0.0,0.043628081975859774,0.8751689972266639,nan,nan,nan,nan,nan,0.7401651753088204,0.8788860000000001,control closer to ticket
CIFAR LowRank32Lap movement,scale=1.0e-03,global,posterior-random,5,5,5,5,0.14499278962651393,0.003135530218205594,0.09179405213223835,0.0001758155097654041,0.053198737494275575,0.050296732885428505,0.056100742103122644,5,0,0,1.0,1.0,1.0,0.0,0.053198737494275575,0.9152824664880286,nan,nan,nan,nan,nan,0.9298860185036248,0.8842840000000001,posterior separates from random
CIFAR LowRank32Lap movement,scale=1.0e-03,global,posterior-chain,5,5,5,5,0.14499278962651393,0.003135530218205594,0.1456592988833505,0.003297190237878668,-0.0006665092568365727,-0.0008471497020917267,-0.00048586881158141853,0,5,0,0.0,0.36,0.4,0.82,0.0006665092568365727,0.037747772845498906,nan,nan,nan,nan,nan,0.9298860185036248,0.8842840000000001,practically tied to control
CIFAR LowRank32Lap movement,scale=1.0e-03,global,posterior-dense,5,5,5,5,0.14499278962651393,0.003135530218205594,0.1456592988833505,0.003297190237878668,-0.0006665092568365727,-0.0008471497020917267,-0.00048586881158141853,0,5,0,0.0,0.36,0.4,0.82,0.0006665092568365727,0.037747772845498906,nan,nan,nan,nan,nan,0.9298860185036248,0.8842840000000001,practically tied to control
CIFAR LowRank32Lap movement,scale=1.0e-03,global,posterior-rewind,5,5,5,5,0.14499278962651393,0.003135530218205594,0.17947299214790263,0.0016671546639897838,-0.0344802025213887,-0.03618768507677765,-0.032772719965999744,0,5,0,0.0,0.0,1.0,0.0,0.0344802025213887,0.9261596145421085,nan,nan,nan,nan,nan,0.9298860185036248,0.8842840000000001,control closer to ticket
CIFAR LowRank32Lap movement,scale=1.0e-04,global,posterior-random,5,5,5,5,0.14559717114879325,0.00339112105559128,0.09178852748060437,0.0001664080872633102,0.05380864366818889,0.050690400352264034,0.056926886984113745,5,0,0,1.0,1.0,1.0,0.0,0.05380864366818889,0.9237263765684238,nan,nan,nan,nan,nan,0.9786288494974209,0.8849980000000001,posterior separates from random
CIFAR LowRank32Lap movement,scale=1.0e-04,global,posterior-chain,5,5,5,5,0.14559717114879325,0.00339112105559128,0.1456592988833505,0.003297190237878668,-6.212773455723796e-05,-0.00018114352807066167,5.688805895618573e-05,2,3,0,0.4,0.48,0.20000000000000007,1.0,0.00011410700443261757,0.0008241771125556685,nan,nan,nan,nan,nan,0.9786288494974209,0.8849980000000001,practically tied to control
CIFAR LowRank32Lap movement,scale=1.0e-04,global,posterior-dense,5,5,5,5,0.14559717114879325,0.00339112105559128,0.1456592988833505,0.003297190237878668,-6.212773455723796e-05,-0.00018114352807066167,5.688805895618573e-05,2,3,0,0.4,0.48,0.20000000000000007,1.0,0.00011410700443261757,0.0008241771125556685,nan,nan,nan,nan,nan,0.9786288494974209,0.8849980000000001,practically tied to control
CIFAR LowRank32Lap movement,scale=1.0e-04,global,posterior-rewind,5,5,5,5,0.14559717114879325,0.00339112105559128,0.17947299214790263,0.0016671546639897838,-0.033875820999109366,-0.03581752919406268,-0.03193411280415605,0,5,0,0.0,0.0,1.0,0.0,0.033875820999109366,0.9251988189622073,nan,nan,nan,nan,nan,0.9786288494974209,0.8849980000000001,control closer to ticket
CIFAR LowRank32Lap movement,scale=3.0e-03,global,posterior-random,5,5,5,5,0.1428128354118365,0.0027613894281731236,0.09178886481541941,0.00017388906585359237,0.05102397059641709,0.0484522936842193,0.05359564750861488,5,0,0,1.0,1.0,1.0,0.0,0.0510239705964171,0.9024175733061526,nan,nan,nan,nan,nan,0.8689856860933132,0.8835999999999999,posterior separates from random
CIFAR LowRank32Lap movement,scale=3.0e-03,global,posterior-chain,5,5,5,5,0.1428128354118365,0.0027613894281731236,0.1456592988833505,0.003297190237878668,-0.0028464634715139937,-0.003412891323333395,-0.002280035619694592,0,5,0,0.0,0.2,0.6000000000000001,0.31999999999999984,0.0028464634715139937,0.29756149668140686,nan,nan,nan,nan,nan,0.8689856860933132,0.8835999999999999,practically tied to control
CIFAR LowRank32Lap movement,scale=3.0e-03,global,posterior-dense,5,5,5,5,0.1428128354118365,0.0027613894281731236,0.1456592988833505,0.003297190237878668,-0.0028464634715139937,-0.003412891323333395,-0.002280035619694592,0,5,0,0.0,0.2,0.6000000000000001,0.31999999999999984,0.0028464634715139937,0.29756149668140686,nan,nan,nan,nan,nan,0.8689856860933132,0.8835999999999999,practically tied to control
CIFAR LowRank32Lap movement,scale=3.0e-03,global,posterior-rewind,5,5,5,5,0.1428128354118365,0.0027613894281731236,0.17947299214790263,0.0016671546639897838,-0.03666015673606612,-0.03802112481638627,-0.03529918865574597,0,5,0,0.0,0.0,1.0,0.0,0.03666015673606612,0.9191317664270489,nan,nan,nan,nan,nan,0.8689856860933132,0.8835999999999999,control closer to ticket
CIFAR LowRank64Lap movement,scale=1.0e-02,global,posterior-random,5,5,5,5,0.1338562468632583,0.0032905101244663274,0.09177023324237488,0.00016326685715864166,0.04208601362088343,0.03909146236155886,0.04508056488020801,5,0,0,1.0,1.0,1.0,0.0,0.04208601362088343,0.9286871790265108,nan,nan,nan,nan,nan,0.7396775683703822,0.881612,posterior separates from random
CIFAR LowRank64Lap movement,scale=1.0e-02,global,posterior-chain,5,5,5,5,0.1338562468632583,0.0032905101244663274,0.14332432669237674,0.0035270451333438667,-0.009468079829118436,-0.009858875201072566,-0.009077284457164306,0,5,0,0.0,0.0,1.0,0.0,0.009468079829118438,0.8770401265214727,nan,nan,nan,nan,nan,0.7396775683703822,0.881612,control closer to ticket
CIFAR LowRank64Lap movement,scale=1.0e-02,global,posterior-dense,5,5,5,5,0.1338562468632583,0.0032905101244663274,0.14332432669237674,0.0035270451333438667,-0.009468079829118436,-0.009858875201072566,-0.009077284457164306,0,5,0,0.0,0.0,1.0,0.0,0.009468079829118438,0.8770401265214727,nan,nan,nan,nan,nan,0.7396775683703822,0.881612,control closer to ticket
CIFAR LowRank64Lap movement,scale=1.0e-02,global,posterior-rewind,5,5,5,5,0.1338562468632583,0.0032905101244663274,0.1765613724924794,0.004893028987227968,-0.0427051256292211,-0.044838034158439524,-0.04057221710000268,0,5,0,0.0,0.0,1.0,0.0,0.0427051256292211,1.035241623743704,nan,nan,nan,nan,nan,0.7396775683703822,0.881612,control closer to ticket
CIFAR LowRank64Lap movement,scale=1.0e-03,global,posterior-random,5,5,5,5,0.14260398759250797,0.003368191024205733,0.09177939852683145,0.00016867534908997285,0.05082458906567651,0.04777877235085236,0.05387040578050066,5,0,0,1.0,1.0,1.0,0.0,0.05082458906567651,0.904884683168802,nan,nan,nan,nan,nan,0.9293327440165174,0.886784,posterior separates from random
CIFAR LowRank64Lap movement,scale=1.0e-03,global,posterior-chain,5,5,5,5,0.14260398759250797,0.003368191024205733,0.14332432669237674,0.0035270451333438667,-0.0007203390998687775,-0.0008901947320032483,-0.0005504834677343066,0,5,0,0.0,0.36,0.4,0.82,0.0007203390998687776,0.012353787879899158,nan,nan,nan,nan,nan,0.9293327440165174,0.886784,practically tied to control
CIFAR LowRank64Lap movement,scale=1.0e-03,global,posterior-dense,5,5,5,5,0.14260398759250797,0.003368191024205733,0.14332432669237674,0.0035270451333438667,-0.0007203390998687775,-0.0008901947320032483,-0.0005504834677343066,0,5,0,0.0,0.36,0.4,0.82,0.0007203390998687776,0.012353787879899158,nan,nan,nan,nan,nan,0.9293327440165174,0.886784,practically tied to control
CIFAR LowRank64Lap movement,scale=1.0e-03,global,posterior-rewind,5,5,5,5,0.14260398759250797,0.003368191024205733,0.1765613724924794,0.004893028987227968,-0.033957384899971445,-0.03595423752794809,-0.0319605322719948,0,5,0,0.0,0.0,1.0,0.0,0.033957384899971445,1.112451010755482,nan,nan,nan,nan,nan,0.9293327440165174,0.886784,control closer to ticket
CIFAR LowRank64Lap movement,scale=1.0e-04,global,posterior-random,5,5,5,5,0.14320397609328453,0.0033927639723981017,0.09177120885952764,0.0001632599564518295,0.05143276723375691,0.04836587364485875,0.05449966082265506,5,0,0,1.0,1.0,1.0,0.0,0.0514327672337569,0.9044912567817973,nan,nan,nan,nan,nan,0.9781501715681726,0.887324,posterior separates from random
CIFAR LowRank64Lap movement,scale=1.0e-04,global,posterior-chain,5,5,5,5,0.14320397609328453,0.0033927639723981017,0.14332432669237674,0.0035270451333438667,-0.00012035059909220047,-0.00026415522464067945,2.3454026456278516e-05,1,4,0,0.2,0.4,0.4,0.82,0.0001835440821707501,0.0012580902278824801,nan,nan,nan,nan,nan,0.9781501715681726,0.887324,practically tied to control
CIFAR LowRank64Lap movement,scale=1.0e-04,global,posterior-dense,5,5,5,5,0.14320397609328453,0.0033927639723981017,0.14332432669237674,0.0035270451333438667,-0.00012035059909220047,-0.00026415522464067945,2.3454026456278516e-05,1,4,0,0.2,0.4,0.4,0.82,0.0001835440821707501,0.0012580902278824801,nan,nan,nan,nan,nan,0.9781501715681726,0.887324,practically tied to control
CIFAR LowRank64Lap movement,scale=1.0e-04,global,posterior-rewind,5,5,5,5,0.14320397609328453,0.0033927639723981017,0.1765613724924794,0.004893028987227968,-0.03335739639919487,-0.03533459924057394,-0.0313801935578158,0,5,0,0.0,0.0,1.0,0.0,0.03335739639919487,1.116186898944735,nan,nan,nan,nan,nan,0.9781501715681726,0.887324,control closer to ticket
CIFAR LowRank64Lap movement,scale=3.0e-03,global,posterior-random,5,5,5,5,0.14062029167429355,0.0032245503380782872,0.0917789762066808,0.00016698093591090585,0.04884131546761276,0.04590866627875609,0.051773964656469426,5,0,0,1.0,1.0,1.0,0.0,0.04884131546761276,0.9050730052843841,nan,nan,nan,nan,nan,0.8688031129220831,0.885646,posterior separates from random
CIFAR LowRank64Lap movement,scale=3.0e-03,global,posterior-chain,5,5,5,5,0.14062029167429355,0.0032245503380782872,0.14332432669237674,0.0035270451333438667,-0.002704035018083195,-0.003004452712638444,-0.0024036173235279464,0,5,0,0.0,0.28,0.4,0.82,0.002704035018083195,0.14840925262034,nan,nan,nan,nan,nan,0.8688031129220831,0.885646,practically tied to control
CIFAR LowRank64Lap movement,scale=3.0e-03,global,posterior-dense,5,5,5,5,0.14062029167429355,0.0032245503380782872,0.14332432669237674,0.0035270451333438667,-0.002704035018083195,-0.003004452712638444,-0.0024036173235279464,0,5,0,0.0,0.28,0.4,0.82,0.002704035018083195,0.14840925262034,nan,nan,nan,nan,nan,0.8688031129220831,0.885646,practically tied to control
CIFAR LowRank64Lap movement,scale=3.0e-03,global,posterior-rewind,5,5,5,5,0.14062029167429355,0.0032245503380782872,0.1765613724924794,0.004893028987227968,-0.03594108081818586,-0.03805456339094264,-0.03382759824542908,0,5,0,0.0,0.0,1.0,0.0,0.03594108081818586,1.0922988062832195,nan,nan,nan,nan,nan,0.8688031129220831,0.885646,control closer to ticket
CIFAR LowRankLap movement,scale=1.0e-02,global,posterior-random,5,5,5,5,0.1350657691350136,0.0030811681920863213,0.09176789229861151,5.272889066686557e-05,0.04329787683640211,0.040615828686325565,0.04597992498647866,5,0,0,1.0,1.0,1.0,0.0,0.04329787683640211,0.8726760367855679,nan,nan,nan,nan,nan,0.7359044111043659,0.8784439999999999,posterior separates from random
CIFAR LowRankLap movement,scale=1.0e-02,global,posterior-chain,5,5,5,5,0.1350657691350136,0.0030811681920863213,0.14555220745168407,0.0033669837331116,-0.010486438316670432,-0.010961072342763532,-0.010011804290577332,0,5,0,0.0,0.0,1.0,0.0,0.010486438316670434,0.9710891059104847,nan,nan,nan,nan,nan,0.7359044111043659,0.8784439999999999,control closer to ticket
CIFAR LowRankLap movement,scale=1.0e-02,global,posterior-dense,5,5,5,5,0.1350657691350136,0.0030811681920863213,0.14555220745168407,0.0033669837331116,-0.010486438316670432,-0.010961072342763532,-0.010011804290577332,0,5,0,0.0,0.0,1.0,0.0,0.010486438316670434,0.9710891059104847,nan,nan,nan,nan,nan,0.7359044111043659,0.8784439999999999,control closer to ticket
CIFAR LowRankLap movement,scale=1.0e-02,global,posterior-rewind,5,5,5,5,0.1350657691350136,0.0030811681920863213,0.17773201010437373,0.0038469551138229706,-0.0426662409693601,-0.04447993961024349,-0.04085254232847671,0,5,0,0.0,0.0,1.0,0.0,0.0426662409693601,0.9788340459069016,nan,nan,nan,nan,nan,0.7359044111043659,0.8784439999999999,control closer to ticket
CIFAR LowRankLap movement,scale=1.0e-03,global,posterior-random,5,5,5,5,0.14470321363684124,0.0033777778618701367,0.09177334442102593,4.850192087404721e-05,0.05292986921581531,0.049980721285050926,0.05587901714657969,5,0,0,1.0,1.0,1.0,0.0,0.05292986921581531,0.872954854938365,nan,nan,nan,nan,nan,0.9295443046727286,0.884774,posterior separates from random
CIFAR LowRankLap movement,scale=1.0e-03,global,posterior-chain,5,5,5,5,0.14470321363684124,0.0033777778618701367,0.14555220745168407,0.0033669837331116,-0.0008489938148428244,-0.0010202274567178474,-0.0006777601729678014,0,5,0,0.0,0.36,0.4,0.82,0.0008489938148428244,0.01574391632045158,nan,nan,nan,nan,nan,0.9295443046727286,0.884774,practically tied to control
CIFAR LowRankLap movement,scale=1.0e-03,global,posterior-dense,5,5,5,5,0.14470321363684124,0.0033777778618701367,0.14555220745168407,0.0033669837331116,-0.0008489938148428244,-0.0010202274567178474,-0.0006777601729678014,0,5,0,0.0,0.36,0.4,0.82,0.0008489938148428244,0.01574391632045158,nan,nan,nan,nan,nan,0.9295443046727286,0.884774,practically tied to control
CIFAR LowRankLap movement,scale=1.0e-03,global,posterior-rewind,5,5,5,5,0.14470321363684124,0.0033777778618701367,0.17773201010437373,0.0038469551138229706,-0.03302879646753249,-0.03514610672342373,-0.030911486211641255,0,5,0,0.0,0.0,1.0,0.0,0.03302879646753249,1.0115053580876598,nan,nan,nan,nan,nan,0.9295443046727286,0.884774,control closer to ticket
CIFAR LowRankLap movement,scale=1.0e-04,global,posterior-random,5,5,5,5,0.14545961907744862,0.0033457483127596935,0.09177153169220063,4.419469379517976e-05,0.053688087385247975,0.05075377594078126,0.05662239882971469,5,0,0,1.0,1.0,1.0,0.0,0.053688087385247975,0.874968748530129,nan,nan,nan,nan,nan,0.9786398290234699,0.885408,posterior separates from random
CIFAR LowRankLap movement,scale=1.0e-04,global,posterior-chain,5,5,5,5,0.14545961907744862,0.0033457483127596935,0.14555220745168407,0.0033669837331116,-9.258837423544719e-05,-0.000162587951964434,-2.2588796506460364e-05,0,5,0,0.0,0.36,0.4,0.82,9.25883742354472e-05,0.0002656957150843908,nan,nan,nan,nan,nan,0.9786398290234699,0.885408,practically tied to control
CIFAR LowRankLap movement,scale=1.0e-04,global,posterior-dense,5,5,5,5,0.14545961907744862,0.0033457483127596935,0.14555220745168407,0.0033669837331116,-9.258837423544719e-05,-0.000162587951964434,-2.2588796506460364e-05,0,5,0,0.0,0.36,0.4,0.82,9.25883742354472e-05,0.0002656957150843908,nan,nan,nan,nan,nan,0.9786398290234699,0.885408,practically tied to control
CIFAR LowRankLap movement,scale=1.0e-04,global,posterior-rewind,5,5,5,5,0.14545961907744862,0.0033457483127596935,0.17773201010437373,0.0038469551138229706,-0.03227239102692511,-0.03437543732672309,-0.030169344727127134,0,5,0,0.0,0.0,1.0,0.0,0.03227239102692511,1.0172824524979915,nan,nan,nan,nan,nan,0.9786398290234699,0.885408,control closer to ticket
CIFAR LowRankLap movement,scale=3.0e-03,global,posterior-random,5,5,5,5,0.14237617817634188,0.0032926029904552195,0.09177146063003258,4.6309245885666943e-05,0.05060471754630929,0.0477350914493432,0.05347434364327538,5,0,0,1.0,1.0,1.0,0.0,0.0506047175463093,0.8680626513298157,nan,nan,nan,nan,nan,0.8676774748051206,0.883732,posterior separates from random
CIFAR LowRankLap movement,scale=3.0e-03,global,posterior-chain,5,5,5,5,0.14237617817634188,0.0032926029904552195,0.14555220745168407,0.0033669837331116,-0.0031760292753421847,-0.003441896127213307,-0.0029101624234710625,0,5,0,0.0,0.28,0.4,0.82,0.0031760292753421847,0.1851569997586915,nan,nan,nan,nan,nan,0.8676774748051206,0.883732,practically tied to control
CIFAR LowRankLap movement,scale=3.0e-03,global,posterior-dense,5,5,5,5,0.14237617817634188,0.0032926029904552195,0.14555220745168407,0.0033669837331116,-0.0031760292753421847,-0.003441896127213307,-0.0029101624234710625,0,5,0,0.0,0.28,0.4,0.82,0.0031760292753421847,0.1851569997586915,nan,nan,nan,nan,nan,0.8676774748051206,0.883732,practically tied to control
CIFAR LowRankLap movement,scale=3.0e-03,global,posterior-rewind,5,5,5,5,0.14237617817634188,0.0032926029904552195,0.17773201010437373,0.0038469551138229706,-0.03535583192803185,-0.03736132275010527,-0.03335034110595843,0,5,0,0.0,0.0,1.0,0.0,0.03535583192803185,0.9998685627449428,nan,nan,nan,nan,nan,0.8676774748051206,0.883732,control closer to ticket
CIFAR RandSubHMC,step=3.0e-03,global,posterior-random,5,5,5,5,0.14402227648128393,0.0039233126348305995,0.09175316378411211,7.43650807399161e-05,0.05226911269717184,0.04883185791120205,0.05570636748314163,5,0,0,1.0,1.0,1.0,0.0,0.052269112697171834,0.8343123808861266,nan,nan,nan,nan,nan,0.976566168113852,0.886265,posterior separates from random
CIFAR RandSubHMC,step=3.0e-03,global,posterior-chain,5,5,5,5,0.14402227648128393,0.0039233126348305995,0.14404453716069535,0.003921422512587851,-2.2260679411406638e-05,-9.560800924187388e-05,5.108665041906061e-05,1,4,0,0.2,0.4,0.4,0.82,6.817771630313608e-05,0.0013351509677264062,nan,nan,nan,nan,nan,0.976566168113852,0.886265,practically tied to control
CIFAR RandSubHMC,step=3.0e-03,global,posterior-dense,5,5,5,5,0.14402227648128393,0.0039233126348305995,0.14404453716069535,0.003921422512587851,-2.2260679411406638e-05,-9.560800924187388e-05,5.108665041906061e-05,1,4,0,0.2,0.4,0.4,0.82,6.817771630313608e-05,0.0013351509677264062,nan,nan,nan,nan,nan,0.976566168113852,0.886265,practically tied to control
CIFAR RandSubHMC,step=3.0e-03,global,posterior-rewind,5,5,5,5,0.14402227648128393,0.0039233126348305995,0.1779320902273165,0.005859485356793326,-0.03390981374603254,-0.03768528307549547,-0.030134344416569606,0,5,0,0.0,0.0,1.0,0.0,0.03390981374603254,0.9740790711583782,nan,nan,nan,nan,nan,0.976566168113852,0.886265,control closer to ticket
CIFAR SGHMC movement,lr=1.0e-07,global,posterior-random,5,5,5,5,0.14191382972566227,0.0031296625190605047,0.09176471093986743,4.84294371536665e-05,0.05014911878579483,0.0474016544660329,0.05289658310555676,5,0,0,1.0,1.0,1.0,0.0,0.05014911878579483,0.8868951694815301,nan,nan,nan,nan,nan,0.6795900928417057,0.87521,posterior separates from random
CIFAR SGHMC movement,lr=1.0e-07,global,posterior-chain,5,5,5,5,0.14191382972566227,0.0031296625190605047,0.14565816611906895,0.003662021729138224,-0.0037443363934066944,-0.004399559772748739,-0.0030891130140646497,0,5,0,0.0,0.2,0.6,0.32000000000000006,0.0037443363934066944,0.2215955071276272,nan,nan,nan,nan,nan,0.6795900928417057,0.87521,practically tied to control
CIFAR SGHMC movement,lr=1.0e-07,global,posterior-dense,5,5,5,5,0.14191382972566227,0.0031296625190605047,0.14565816611906895,0.003662021729138224,-0.0037443363934066944,-0.004399559772748739,-0.0030891130140646497,0,5,0,0.0,0.2,0.6,0.32000000000000006,0.0037443363934066944,0.2215955071276272,nan,nan,nan,nan,nan,0.6795900928417057,0.87521,practically tied to control
CIFAR SGHMC movement,lr=1.0e-07,global,posterior-rewind,5,5,5,5,0.14191382972566227,0.0031296625190605047,0.17772915408740475,0.004261989164686269,-0.035815324361742486,-0.038419113622386585,-0.03321153510109839,0,5,0,0.0,0.0,1.0,0.0,0.035815324361742486,1.043617323078643,nan,nan,nan,nan,nan,0.6795900928417057,0.87521,control closer to ticket
CIFAR SGHMC movement,lr=1.0e-10,global,posterior-random,5,5,5,5,0.1456116469128653,0.0037522963493089425,0.09175873009782443,3.385507678326919e-05,0.05385291681504086,0.05055860889066979,0.05714722473941193,5,0,0,1.0,1.0,1.0,0.0,0.053852916815040855,0.8915115237220794,nan,nan,nan,nan,nan,0.9875712596713994,0.888104,posterior separates from random
CIFAR SGHMC movement,lr=1.0e-10,global,posterior-chain,5,5,5,5,0.1456116469128653,0.0037522963493089425,0.14565816611906895,0.003662021729138224,-4.651920620367678e-05,-0.00014208376351142248,4.904535110406893e-05,1,4,0,0.2,0.4,0.4,0.82,0.00010177341433541541,0.00025794774325271774,nan,nan,nan,nan,nan,0.9875712596713994,0.888104,practically tied to control
CIFAR SGHMC movement,lr=1.0e-10,global,posterior-dense,5,5,5,5,0.1456116469128653,0.0037522963493089425,0.14565816611906895,0.003662021729138224,-4.651920620367678e-05,-0.00014208376351142248,4.904535110406893e-05,1,4,0,0.2,0.4,0.4,0.82,0.00010177341433541541,0.00025794774325271774,nan,nan,nan,nan,nan,0.9875712596713994,0.888104,practically tied to control
CIFAR SGHMC movement,lr=1.0e-10,global,posterior-rewind,5,5,5,5,0.1456116469128653,0.0037522963493089425,0.17772915408740475,0.004261989164686269,-0.03211750717453947,-0.034888592602765445,-0.029346421746313498,0,5,0,0.0,0.0,1.0,0.0,0.03211750717453947,1.1028238681438027,nan,nan,nan,nan,nan,0.9875712596713994,0.888104,control closer to ticket
CIFAR SGHMC movement,lr=3.0e-07,global,posterior-random,5,5,5,5,0.1360181378009276,0.002561419701988121,0.09176206772318958,5.720018440062646e-05,0.044256070077738026,0.04200057996018112,0.04651156019529493,5,0,0,1.0,1.0,1.0,0.0,0.044256070077738026,0.8740294858319291,nan,nan,nan,nan,nan,0.5214339053294408,0.8536900000000001,posterior separates from random
CIFAR SGHMC movement,lr=3.0e-07,global,posterior-chain,5,5,5,5,0.1360181378009276,0.002561419701988121,0.14565816611906895,0.003662021729138224,-0.009640028318141347,-0.010609648433650835,-0.008670408202631858,0,5,0,0.0,0.0,1.0,0.0,0.009640028318141347,0.936694115737364,nan,nan,nan,nan,nan,0.5214339053294408,0.8536900000000001,control closer to ticket
CIFAR SGHMC movement,lr=3.0e-07,global,posterior-dense,5,5,5,5,0.1360181378009276,0.002561419701988121,0.14565816611906895,0.003662021729138224,-0.009640028318141347,-0.010609648433650835,-0.008670408202631858,0,5,0,0.0,0.0,1.0,0.0,0.009640028318141347,0.936694115737364,nan,nan,nan,nan,nan,0.5214339053294408,0.8536900000000001,control closer to ticket
CIFAR SGHMC movement,lr=3.0e-07,global,posterior-rewind,5,5,5,5,0.1360181378009276,0.002561419701988121,0.17772915408740475,0.004261989164686269,-0.04171101628647714,-0.0443964138485088,-0.039025618724445474,0,5,0,0.0,0.0,1.0,0.0,0.04171101628647713,1.0166797043258606,nan,nan,nan,nan,nan,0.5214339053294408,0.8536900000000001,control closer to ticket
CIFAR SGHMC movement,lr=3.0e-08,global,posterior-random,5,5,5,5,0.14452388583697212,0.0032303640878132847,0.09174964398296077,3.831506104304227e-05,0.05277424185401135,0.049932415101831204,0.05561606860619149,5,0,0,1.0,1.0,1.0,0.0,0.05277424185401135,0.8835089775096352,nan,nan,nan,nan,nan,0.805996636307317,0.88387,posterior separates from random
CIFAR SGHMC movement,lr=3.0e-08,global,posterior-chain,5,5,5,5,0.14452388583697212,0.0032303640878132847,0.14565816611906895,0.003662021729138224,-0.0011342802820968445,-0.0016319955257248614,-0.0006365650384688276,0,5,0,0.0,0.36,0.4,0.82,0.0011342802820968447,0.026757393781161598,nan,nan,nan,nan,nan,0.805996636307317,0.88387,practically tied to control
CIFAR SGHMC movement,lr=3.0e-08,global,posterior-dense,5,5,5,5,0.14452388583697212,0.0032303640878132847,0.14565816611906895,0.003662021729138224,-0.0011342802820968445,-0.0016319955257248614,-0.0006365650384688276,0,5,0,0.0,0.36,0.4,0.82,0.0011342802820968447,0.026757393781161598,nan,nan,nan,nan,nan,0.805996636307317,0.88387,practically tied to control
CIFAR SGHMC movement,lr=3.0e-08,global,posterior-rewind,5,5,5,5,0.14452388583697212,0.0032303640878132847,0.17772915408740475,0.004261989164686269,-0.033205268250432636,-0.03617905874315132,-0.030231477757713954,0,5,0,0.0,0.0,1.0,0.0,0.033205268250432636,1.067823394881994,nan,nan,nan,nan,nan,0.805996636307317,0.88387,control closer to ticket
CIFAR SGLD movement,lr=1.0e-06,global,posterior-random,5,5,5,5,0.14246787543639455,0.002650919662821898,0.09175057195162988,0.0002307758706452473,0.05071730348476469,0.048335137001837766,0.05309946996769162,5,0,0,1.0,1.0,1.0,0.0,0.05071730348476469,0.841630331219853,nan,nan,nan,nan,nan,0.7362198530222188,0.8753000000000001,posterior separates from random
CIFAR SGLD movement,lr=1.0e-06,global,posterior-chain,5,5,5,5,0.14246787543639455,0.002650919662821898,0.14413383867075402,0.0027114195058452,-0.0016659632343594467,-0.00220218344304318,-0.0011297430256757132,0,5,0,0.0,0.28,0.4,0.82,0.0016659632343594467,0.12229581658531408,nan,nan,nan,nan,nan,0.7362198530222188,0.8753000000000001,practically tied to control
CIFAR SGLD movement,lr=1.0e-06,global,posterior-dense,5,5,5,5,0.14246787543639455,0.002650919662821898,0.14413383867075402,0.0027114195058452,-0.0016659632343594467,-0.00220218344304318,-0.0011297430256757132,0,5,0,0.0,0.28,0.4,0.82,0.0016659632343594467,0.12229581658531408,nan,nan,nan,nan,nan,0.7362198530222188,0.8753000000000001,practically tied to control
CIFAR SGLD movement,lr=1.0e-06,global,posterior-rewind,5,5,5,5,0.14246787543639455,0.002650919662821898,0.17839175249477113,0.003305594496277847,-0.03592387705837656,-0.03777529678494224,-0.03407245733181088,0,5,0,0.0,0.0,1.0,0.0,0.035923877058376553,0.9628148190886732,nan,nan,nan,nan,nan,0.7362198530222188,0.8753000000000001,control closer to ticket
CIFAR SGLD movement,lr=1.0e-10,global,posterior-random,5,5,5,5,0.14411635186615046,0.002724609316234783,0.0917517967644155,0.0002315391790066394,0.052364555101734954,0.049955259910585054,0.054773850292884854,5,0,0,1.0,1.0,1.0,0.0,0.052364555101734954,0.8572620855553241,nan,nan,nan,nan,nan,0.9968572040668119,0.884172,posterior separates from random
CIFAR SGLD movement,lr=1.0e-10,global,posterior-chain,5,5,5,5,0.14411635186615046,0.002724609316234783,0.14413383867075402,0.0027114195058452,-1.7486804603561446e-05,-5.447243602511839e-05,1.94988268179955e-05,1,4,0,0.2,0.44,0.20000000000000007,1.0,3.415023034410991e-05,3.255162849002957e-05,nan,nan,nan,nan,nan,0.9968572040668119,0.884172,practically tied to control
CIFAR SGLD movement,lr=1.0e-10,global,posterior-dense,5,5,5,5,0.14411635186615046,0.002724609316234783,0.14413383867075402,0.0027114195058452,-1.7486804603561446e-05,-5.447243602511839e-05,1.94988268179955e-05,1,4,0,0.2,0.44,0.20000000000000007,1.0,3.415023034410991e-05,3.255162849002957e-05,nan,nan,nan,nan,nan,0.9968572040668119,0.884172,practically tied to control
CIFAR SGLD movement,lr=1.0e-10,global,posterior-rewind,5,5,5,5,0.14411635186615046,0.002724609316234783,0.17839175249477113,0.003305594496277847,-0.034275400628620674,-0.0361396160522279,-0.032411185205013446,0,5,0,0.0,0.0,1.0,0.0,0.034275400628620674,0.9599215236876562,nan,nan,nan,nan,nan,0.9968572040668119,0.884172,control closer to ticket
CIFAR SGLD movement,lr=3.0e-06,global,posterior-random,5,5,5,5,0.13805240827241275,0.002919126221138284,0.09175331490810665,0.00022851802701631305,0.046299093364306106,0.04371988208550301,0.0488783046431092,5,0,0,1.0,1.0,1.0,0.0,0.046299093364306106,0.860718222752523,nan,nan,nan,nan,nan,0.5927567166024471,0.8593459999999999,posterior separates from random
CIFAR SGLD movement,lr=3.0e-06,global,posterior-chain,5,5,5,5,0.13805240827241275,0.002919126221138284,0.14413383867075402,0.0027114195058452,-0.006081430398341259,-0.006660688258802578,-0.00550217253787994,0,5,0,0.0,0.04,0.8,0.07999999999999996,0.00608143039834126,0.6540772517785846,nan,nan,nan,nan,nan,0.5927567166024471,0.8593459999999999,control closer to ticket
CIFAR SGLD movement,lr=3.0e-06,global,posterior-dense,5,5,5,5,0.13805240827241275,0.002919126221138284,0.14413383867075402,0.0027114195058452,-0.006081430398341259,-0.006660688258802578,-0.00550217253787994,0,5,0,0.0,0.04,0.8,0.07999999999999996,0.00608143039834126,0.6540772517785846,nan,nan,nan,nan,nan,0.5927567166024471,0.8593459999999999,control closer to ticket
CIFAR SGLD movement,lr=3.0e-06,global,posterior-rewind,5,5,5,5,0.13805240827241275,0.002919126221138284,0.17839175249477113,0.003305594496277847,-0.04033934422235837,-0.041947435791611726,-0.03873125265310501,0,5,0,0.0,0.0,1.0,0.0,0.040339344222358374,0.9411125254055153,nan,nan,nan,nan,nan,0.5927567166024471,0.8593459999999999,control closer to ticket
CIFAR SGLD-3chain,30ep rewind r5 p0.30,global,posterior-random,5,5,5,5,0.1368358070296329,0.0024964673370908965,0.09178909984697142,0.00012657640705609908,0.045046707182661495,0.04277124477273506,0.04732216959258793,5,0,0,1.0,1.0,1.0,0.0,0.04504670718266149,0.8940975962340019,1.0,0.0,0.04504670718266151,1.2212798923421353,1.0,0.996915438551694,0.8855453333333333,posterior separates from random
CIFAR SGLD-3chain,30ep rewind r5 p0.30,global,posterior-chain,5,5,5,5,0.1368358070296329,0.0024964673370908965,0.13684068315418016,0.0024579126768253232,-4.8761245472428435e-06,-4.862909865578318e-05,3.887684956129749e-05,2,3,0,0.4,0.48,0.20000000000000007,1.0,3.373807601940171e-05,6.309072145671557e-05,nan,nan,nan,nan,nan,0.996915438551694,0.8855453333333333,practically tied to control
CIFAR SGLD-3chain,30ep rewind r5 p0.30,global,posterior-dense,5,5,5,5,0.1368358070296329,0.0024964673370908965,0.14598913943280376,0.002054578332382334,-0.009153332403170844,-0.011095335255212755,-0.007211329551128933,0,5,0,0.0,0.0,1.0,0.0,0.009153332403170844,1.1503104012195782,nan,nan,nan,nan,nan,0.996915438551694,0.8855453333333333,control closer to ticket
CIFAR SGLD-3chain,30ep rewind r5 p0.30,global,posterior-rewind,5,5,5,5,0.1368358070296329,0.0024964673370908965,0.17998674137363782,0.0027532830931978015,-0.04315093434400492,-0.045650694155087795,-0.04065117453292204,0,5,0,0.0,0.0,1.0,0.0,0.04315093434400491,0.911504880643714,nan,nan,nan,nan,nan,0.996915438551694,0.8855453333333333,control closer to ticket
CIFAR SWAG,30ep rewind r5 p0.30,global,posterior-random,5,5,5,5,0.13608229802578684,0.0024370671442131846,0.09181202951890886,6.513658270986134e-05,0.04427026850687798,0.042116824438414836,0.04642371257534112,5,0,0,1.0,1.0,1.0,0.0,0.04427026850687798,0.9106054531258476,1.0,0.0,0.04427026850687798,1.1680711180757553,1.0,0.9265466136684998,0.857344,posterior separates from random
CIFAR SWAG,30ep rewind r5 p0.30,global,posterior-chain,5,5,5,5,0.13608229802578684,0.0024370671442131846,0.13613608955119308,0.002499726044994656,-5.379152540623267e-05,-0.00032568298700201055,0.00021809993618954524,3,2,0,0.6,0.48,0.39999999999999997,0.8200000000000001,0.0002577806765648227,0.022725267876890776,nan,nan,nan,nan,nan,0.9265466136684998,0.857344,practically tied to control
CIFAR SWAG,30ep rewind r5 p0.30,global,posterior-dense,5,5,5,5,0.13608229802578684,0.0024370671442131846,0.14630050927709218,0.0028308239558611534,-0.010218211251305348,-0.01220924540462165,-0.008227177097989046,0,5,0,0.0,0.0,1.0,0.0,0.010218211251305348,1.1195302603104105,nan,nan,nan,nan,nan,0.9265466136684998,0.857344,control closer to ticket
CIFAR SWAG,30ep rewind r5 p0.30,global,posterior-rewind,5,5,5,5,0.13608229802578684,0.0024370671442131846,0.178642889590974,0.0035131837731175192,-0.04256059156518717,-0.043960928319975064,-0.041160254810399276,0,5,0,0.0,0.0,1.0,0.0,0.04256059156518717,0.9952598581829624,nan,nan,nan,nan,nan,0.9265466136684998,0.857344,control closer to ticket
CIFAR SWAG20 movement,scale=1.0e+00,global,posterior-random,5,5,5,5,0.14548208945761806,0.0036413313394930047,0.0917403226529832,7.302589165799834e-05,0.053741766804634876,0.050551953974425,0.05693157963484475,5,0,0,1.0,1.0,1.0,0.0,0.053741766804634876,0.8997254445165863,nan,nan,nan,nan,nan,0.9778185793833312,0.881348,posterior separates from random
CIFAR SWAG20 movement,scale=1.0e+00,global,posterior-chain,5,5,5,5,0.14548208945761806,0.0036413313394930047,0.1454937020953157,0.0037703434801795565,-1.1612637697638872e-05,-0.00014488924428841942,0.00012166396889314168,3,2,0,0.6,0.52,0.20000000000000007,1.0,0.00011651457392489184,0.00034333420855947594,nan,nan,nan,nan,nan,0.9778185793833312,0.881348,practically tied to control
CIFAR SWAG20 movement,scale=1.0e+00,global,posterior-dense,5,5,5,5,0.14548208945761806,0.0036413313394930047,0.1454937020953157,0.0037703434801795565,-1.1612637697638872e-05,-0.00014488924428841942,0.00012166396889314168,3,2,0,0.6,0.52,0.20000000000000007,1.0,0.00011651457392489184,0.00034333420855947594,nan,nan,nan,nan,nan,0.9778185793833312,0.881348,practically tied to control
CIFAR SWAG20 movement,scale=1.0e+00,global,posterior-rewind,5,5,5,5,0.14548208945761806,0.0036413313394930047,0.17823871801096539,0.0033884438751210014,-0.03275662855334732,-0.03424619411750484,-0.031267062989189805,0,5,0,0.0,0.0,1.0,0.0,0.03275662855334732,1.0211779074464935,nan,nan,nan,nan,nan,0.9778185793833312,0.881348,control closer to ticket
CIFAR SWAG20 movement,scale=1.6e+01,global,posterior-random,5,5,5,5,0.1454235413703978,0.0037466596218696142,0.09174237748446396,6.48197829654292e-05,0.05368116388593385,0.050410927289313956,0.056951400482553746,5,0,0,1.0,1.0,1.0,0.0,0.05368116388593385,0.8995035594743646,nan,nan,nan,nan,nan,0.9528293342383664,0.8636119999999999,posterior separates from random
CIFAR SWAG20 movement,scale=1.6e+01,global,posterior-chain,5,5,5,5,0.1454235413703978,0.0037466596218696142,0.1454937020953157,0.0037703434801795565,-7.016072491789483e-05,-0.00019727120636795192,5.694975653216226e-05,1,4,0,0.2,0.44,0.20000000000000007,1.0,0.00011989146777079961,0.00015274311748547653,nan,nan,nan,nan,nan,0.9528293342383664,0.8636119999999999,practically tied to control
CIFAR SWAG20 movement,scale=1.6e+01,global,posterior-dense,5,5,5,5,0.1454235413703978,0.0037466596218696142,0.1454937020953157,0.0037703434801795565,-7.016072491789483e-05,-0.00019727120636795192,5.694975653216226e-05,1,4,0,0.2,0.44,0.20000000000000007,1.0,0.00011989146777079961,0.00015274311748547653,nan,nan,nan,nan,nan,0.9528293342383664,0.8636119999999999,practically tied to control
CIFAR SWAG20 movement,scale=1.6e+01,global,posterior-rewind,5,5,5,5,0.1454235413703978,0.0037466596218696142,0.17823871801096539,0.0033884438751210014,-0.03281517664056758,-0.03434170402690941,-0.031288649254225746,0,5,0,0.0,0.0,1.0,0.0,0.03281517664056758,1.0233414431109864,nan,nan,nan,nan,nan,0.9528293342383664,0.8636119999999999,control closer to ticket
CIFAR SWAG20 movement,scale=6.4e+01,global,posterior-random,5,5,5,5,0.14530890108866268,0.0036861280631533067,0.09173742955338272,7.960452880028103e-05,0.05357147153527994,0.05035061791561932,0.056792325154940565,5,0,0,1.0,1.0,1.0,0.0,0.05357147153527995,0.8932232593296505,nan,nan,nan,nan,nan,0.9085679774794246,0.804142,posterior separates from random
CIFAR SWAG20 movement,scale=6.4e+01,global,posterior-chain,5,5,5,5,0.14530890108866268,0.0036861280631533067,0.1454937020953157,0.0037703434801795565,-0.0001848010066530348,-0.00043504999937501597,6.544798606894638e-05,1,4,0,0.2,0.44,0.20000000000000007,1.0,0.00028656704281949664,0.001276550117248254,nan,nan,nan,nan,nan,0.9085679774794246,0.804142,practically tied to control
CIFAR SWAG20 movement,scale=6.4e+01,global,posterior-dense,5,5,5,5,0.14530890108866268,0.0036861280631533067,0.1454937020953157,0.0037703434801795565,-0.0001848010066530348,-0.00043504999937501597,6.544798606894638e-05,1,4,0,0.2,0.44,0.20000000000000007,1.0,0.00028656704281949664,0.001276550117248254,nan,nan,nan,nan,nan,0.9085679774794246,0.804142,practically tied to control
CIFAR SWAG20 movement,scale=6.4e+01,global,posterior-rewind,5,5,5,5,0.14530890108866268,0.0036861280631533067,0.17823871801096539,0.0033884438751210014,-0.03292981692230272,-0.034420531325758175,-0.03143910251884727,0,5,0,0.0,0.0,1.0,0.0,0.03292981692230272,1.027122916028108,nan,nan,nan,nan,nan,0.9085679774794246,0.804142,control closer to ticket
CIFAR TrajSubHMC,step=1.0e-03,global,posterior-random,5,5,5,5,0.22899631877495566,0.008627181739389905,0.09168609602246199,0.0002221157283022495,0.13731022275249366,0.12973895773165864,0.14488148777332868,5,0,0,1.0,1.0,1.0,0.0,0.1373102227524937,0.9334641457311297,nan,nan,nan,nan,nan,0.9914726552109558,0.884715,posterior separates from random
CIFAR TrajSubHMC,step=1.0e-03,global,posterior-chain,5,5,5,5,0.22899631877495566,0.008627181739389905,0.22918521173466036,0.00875404060793419,-0.00018889295970470066,-0.00034226143214820807,-3.552448726119325e-05,2,3,0,0.4,0.48,0.20000000000000007,1.0,0.00018889551015393024,0.0032783088553973716,nan,nan,nan,nan,nan,0.9914726552109558,0.884715,practically tied to control
CIFAR TrajSubHMC,step=1.0e-03,global,posterior-dense,5,5,5,5,0.22899631877495566,0.008627181739389905,0.22918521173466036,0.00875404060793419,-0.00018889295970470066,-0.00034226143214820807,-3.552448726119325e-05,2,3,0,0.4,0.48,0.20000000000000007,1.0,0.00018889551015393024,0.0032783088553973716,nan,nan,nan,nan,nan,0.9914726552109558,0.884715,practically tied to control
CIFAR TrajSubHMC,step=1.0e-03,global,posterior-rewind,5,5,5,5,0.22899631877495566,0.008627181739389905,0.17916609423741592,0.004319767583932466,0.04983022453753973,0.044851310908869554,0.0548091381662099,5,0,0,1.0,1.0,1.0,0.0,0.04983022453753972,1.257505217428967,nan,nan,nan,nan,nan,0.9914726552109558,0.884715,posterior closer to ticket
CIFAR TrajSubHMC,step=3.0e-04,global,posterior-random,5,5,5,5,0.22908359628815111,0.008717455886831727,0.09164804154905284,7.423804655885255e-05,0.13743555473909827,0.1297805409921674,0.14509056848602914,5,0,0,1.0,1.0,1.0,0.0,0.13743555473909824,0.9343232380912145,nan,nan,nan,nan,nan,0.9950099661754715,0.88487,posterior separates from random
CIFAR TrajSubHMC,step=3.0e-04,global,posterior-chain,5,5,5,5,0.22908359628815111,0.008717455886831727,0.22918521173466036,0.00875404060793419,-0.00010161544650923449,-0.00014220545962397997,-6.102543339448901e-05,0,5,0,0.0,0.4,0.20000000000000007,1.0,0.00010161544650923449,0.00045756692351361927,nan,nan,nan,nan,nan,0.9950099661754715,0.88487,practically tied to control
CIFAR TrajSubHMC,step=3.0e-04,global,posterior-dense,5,5,5,5,0.22908359628815111,0.008717455886831727,0.22918521173466036,0.00875404060793419,-0.00010161544650923449,-0.00014220545962397997,-6.102543339448901e-05,0,5,0,0.0,0.4,0.20000000000000007,1.0,0.00010161544650923449,0.00045756692351361927,nan,nan,nan,nan,nan,0.9950099661754715,0.88487,practically tied to control
CIFAR TrajSubHMC,step=3.0e-04,global,posterior-rewind,5,5,5,5,0.22908359628815111,0.008717455886831727,0.17916609423741592,0.004319767583932466,0.04991750205073519,0.044863101276091166,0.05497190282537921,5,0,0,1.0,1.0,1.0,0.0,0.04991750205073519,1.2598575549705517,nan,nan,nan,nan,nan,0.9950099661754715,0.88487,posterior closer to ticket
CIFAR cSGLD movement,lr=1.0e-05,global,posterior-random,5,5,5,5,0.12600227779767814,0.0009594170055052992,0.09176980178003562,0.00015627095338414593,0.03423247601764252,0.03346571172054377,0.03499924031474126,5,0,0,1.0,1.0,1.0,0.0,0.03423247601764252,0.8274227963712122,nan,nan,nan,nan,nan,0.3700218406145346,0.843412,posterior separates from random
CIFAR cSGLD movement,lr=1.0e-05,global,posterior-chain,5,5,5,5,0.12600227779767814,0.0009594170055052992,0.1454349506181538,0.0018206017819667275,-0.01943267282047568,-0.0202927927392632,-0.018572552901688157,0,5,0,0.0,0.0,1.0,0.0,0.01943267282047568,0.9612085408148083,nan,nan,nan,nan,nan,0.3700218406145346,0.843412,control closer to ticket
CIFAR cSGLD movement,lr=1.0e-05,global,posterior-dense,5,5,5,5,0.12600227779767814,0.0009594170055052992,0.1454349506181538,0.0018206017819667275,-0.01943267282047568,-0.0202927927392632,-0.018572552901688157,0,5,0,0.0,0.0,1.0,0.0,0.01943267282047568,0.9612085408148083,nan,nan,nan,nan,nan,0.3700218406145346,0.843412,control closer to ticket
CIFAR cSGLD movement,lr=1.0e-05,global,posterior-rewind,5,5,5,5,0.12600227779767814,0.0009594170055052992,0.17892669004681727,0.002799542415700095,-0.052924412249139144,-0.05522583273066591,-0.050622991767612376,0,5,0,0.0,0.0,1.0,0.0,0.05292441224913915,0.8838641935041289,nan,nan,nan,nan,nan,0.3700218406145346,0.843412,control closer to ticket
CIFAR cSGLD movement,lr=1.0e-06,global,posterior-random,5,5,5,5,0.14216322154228622,0.001475511876849139,0.09176396024206933,0.00015278364845527646,0.05039926130021688,0.049177664588827434,0.051620858011606326,5,0,0,1.0,1.0,1.0,0.0,0.05039926130021689,0.8386739387388775,nan,nan,nan,nan,nan,0.7045998173286081,0.878248,posterior separates from random
CIFAR cSGLD movement,lr=1.0e-06,global,posterior-chain,5,5,5,5,0.14216322154228622,0.001475511876849139,0.1454349506181538,0.0018206017819667275,-0.0032717290758676023,-0.0035907653470363043,-0.0029526928046989,0,5,0,0.0,0.08,0.8,0.07999999999999996,0.0032717290758676023,0.5893672676285872,nan,nan,nan,nan,nan,0.7045998173286081,0.878248,practically tied to control
CIFAR cSGLD movement,lr=1.0e-06,global,posterior-dense,5,5,5,5,0.14216322154228622,0.001475511876849139,0.1454349506181538,0.0018206017819667275,-0.0032717290758676023,-0.0035907653470363043,-0.0029526928046989,0,5,0,0.0,0.08,0.8,0.07999999999999996,0.0032717290758676023,0.5893672676285872,nan,nan,nan,nan,nan,0.7045998173286081,0.878248,practically tied to control
CIFAR cSGLD movement,lr=1.0e-06,global,posterior-rewind,5,5,5,5,0.14216322154228622,0.001475511876849139,0.17892669004681727,0.002799542415700095,-0.03676346850453107,-0.038758262257923136,-0.034768674751139005,0,5,0,0.0,0.0,1.0,0.0,0.03676346850453108,0.9128210724980921,nan,nan,nan,nan,nan,0.7045998173286081,0.878248,control closer to ticket
CIFAR cSGLD movement,lr=1.0e-10,global,posterior-random,5,5,5,5,0.14544271700972125,0.0018144062758418194,0.09176663069159993,0.00015573393149245386,0.05367608631812131,0.05215920953525828,0.055192963100984344,5,0,0,1.0,1.0,1.0,0.0,0.05367608631812131,0.8465437092980406,nan,nan,nan,nan,nan,0.9962758153518885,0.8854500000000001,posterior separates from random
CIFAR cSGLD movement,lr=1.0e-10,global,posterior-chain,5,5,5,5,0.14544271700972125,0.0018144062758418194,0.1454349506181538,0.0018206017819667275,7.766391567426422e-06,-3.5162495131714816e-05,5.0695278266567654e-05,3,2,0,0.6,0.52,0.20000000000000007,1.0,3.606734828029423e-05,2.832311922817965e-05,nan,nan,nan,nan,nan,0.9962758153518885,0.8854500000000001,practically tied to control
CIFAR cSGLD movement,lr=1.0e-10,global,posterior-dense,5,5,5,5,0.14544271700972125,0.0018144062758418194,0.1454349506181538,0.0018206017819667275,7.766391567426422e-06,-3.5162495131714816e-05,5.0695278266567654e-05,3,2,0,0.6,0.52,0.20000000000000007,1.0,3.606734828029423e-05,2.832311922817965e-05,nan,nan,nan,nan,nan,0.9962758153518885,0.8854500000000001,practically tied to control
CIFAR cSGLD movement,lr=1.0e-10,global,posterior-rewind,5,5,5,5,0.14544271700972125,0.0018144062758418194,0.17892669004681727,0.002799542415700095,-0.03348397303709604,-0.035413553263219814,-0.03155439281097227,0,5,0,0.0,0.0,1.0,0.0,0.03348397303709605,0.9367468159469692,nan,nan,nan,nan,nan,0.9962758153518885,0.8854500000000001,control closer to ticket
CIFAR cSGLD movement,lr=3.0e-06,global,posterior-random,5,5,5,5,0.13712038402200788,0.0020161543608260956,0.09176582548169095,0.00015673475652630618,0.04535455854031695,0.04365098064738135,0.047058136433252545,5,0,0,1.0,1.0,1.0,0.0,0.04535455854031695,0.8688827667825911,nan,nan,nan,nan,nan,0.5532818066509495,0.868564,posterior separates from random
CIFAR cSGLD movement,lr=3.0e-06,global,posterior-chain,5,5,5,5,0.13712038402200788,0.0020161543608260956,0.1454349506181538,0.0018206017819667275,-0.008314566596145928,-0.00853255479156427,-0.008096578400727587,0,5,0,0.0,0.0,1.0,0.0,0.008314566596145928,1.1314630140200008,nan,nan,nan,nan,nan,0.5532818066509495,0.868564,control closer to ticket
CIFAR cSGLD movement,lr=3.0e-06,global,posterior-dense,5,5,5,5,0.13712038402200788,0.0020161543608260956,0.1454349506181538,0.0018206017819667275,-0.008314566596145928,-0.00853255479156427,-0.008096578400727587,0,5,0,0.0,0.0,1.0,0.0,0.008314566596145928,1.1314630140200008,nan,nan,nan,nan,nan,0.5532818066509495,0.868564,control closer to ticket
CIFAR cSGLD movement,lr=3.0e-06,global,posterior-rewind,5,5,5,5,0.13712038402200788,0.0020161543608260956,0.17892669004681727,0.002799542415700095,-0.0418063060248094,-0.043806720385528436,-0.03980589166409036,0,5,0,0.0,0.0,1.0,0.0,0.0418063060248094,0.9149673648888428,nan,nan,nan,nan,nan,0.5532818066509495,0.868564,control closer to ticket
Fashion Gate1,r5 p0.30,global,posterior-random,5,5,5,5,0.21144042326275975,0.0022588883919520356,0.09169991645926026,0.00011213974766840266,0.11974050680349947,0.11770643592275662,0.12177457768424232,5,0,0,1.0,1.0,1.0,0.0,0.11974050680349949,0.8052842013428152,1.0,0.0,0.1197405068034995,1.4092671642150207,1.0,0.9212239165775922,nan,posterior separates from random
Fashion Gate1,r5 p0.30,global,posterior-chain,5,5,5,5,0.21144042326275975,0.0022588883919520356,0.21219731164909308,0.0021273465318053042,-0.0007568883863333375,-0.0009122265837757796,-0.0006015501888908955,0,5,0,0.0,0.28,0.6,0.32000000000000006,0.0007568883863333375,0.03379751708642975,nan,nan,nan,nan,nan,0.9212239165775922,nan,practically tied to control
Fashion Gate1,r5 p0.30,global,posterior-dense,5,5,5,5,0.21144042326275975,0.0022588883919520356,0.525518968129918,0.03931187971726971,-0.3140785448671583,-0.3481987342593401,-0.2799583554749765,0,5,0,0.0,0.0,1.0,0.0,0.3140785448671583,1.016485553385567,nan,nan,nan,nan,nan,0.9212239165775922,nan,control closer to ticket
MNIST Gate1,r5 p0.30,global,posterior-random,5,5,5,5,0.23732427345431767,0.0010649141772652224,0.09177439971759402,4.345911047244293e-05,0.14554987373672368,0.14461979276518172,0.14647995470826564,5,0,0,1.0,1.0,1.0,0.0,0.14554987373672365,0.7996028190726132,1.0,0.0,0.14554987373672365,1.4788234169194965,1.0,0.9297703313813687,nan,posterior separates from random
MNIST Gate1,r5 p0.30,global,posterior-chain,5,5,5,5,0.23732427345431767,0.0010649141772652224,0.2384643876400597,0.001200556383928204,-0.0011401141857420361,-0.0012820482634914993,-0.000998180107992573,0,5,0,0.0,0.24,0.6000000000000001,0.31999999999999984,0.0011401141857420361,0.20639215098581176,nan,nan,nan,nan,nan,0.9297703313813687,nan,practically tied to control
MNIST Gate1,r5 p0.30,global,posterior-dense,5,5,5,5,0.23732427345431767,0.0010649141772652224,0.5924264241128779,0.010898139782796565,-0.35510215065856027,-0.36531101507711433,-0.3448932862400062,0,5,0,0.0,0.0,1.0,0.0,0.3551021506585602,0.823966392131602,nan,nan,nan,nan,nan,0.9297703313813687,nan,control closer to ticket
